#,Feature,Status,Competition,Lifecycle Stage,Pricing Tier
1,PDF Recall Analyzer,Built,Nobody,Detect & Alert,Essentials
2,Scan Purchase and Sales Data against Affected Part Numbers,Built,Partial,Match & Analyze,Standard
3,Custom Escalations through Prompt,Built,Partial,Match & Analyze,Standard
4,"Scan for Duplicates, SKU Variations, Distributor Cross-over Part Numbers",Built,Partial,Match & Analyze,Standard
5,AI Search Capabilities,Built,Partial,Match & Analyze,Standard
6,Scan Sales Order / Purchase Order Data Daily,Built,Nobody,Match & Analyze,Standard
7,Directory of Recalls by Part Number,Built,Nobody,Detect & Alert,Essentials
8,AI Product Identification Tool,Built,Nobody,Match & Analyze,Standard
9,AI-Powered Custom Reporting / Advanced Analytics / Presentations,Built,Nobody,Act & Resolve,Professional
10,Storage & Repository: Audit Compliance,Built,Nobody,Detect & Alert,Essentials
11,"Item Master Integration (Removals, Discontinuations)",Built,Nobody,Act & Resolve,Professional
12,Active Custom Live Product Recall Ticker (Chrome Extension),Coming Soon,Nobody,Close Every Loop,Enterprise
13,Completed Forms Returned to Vendor,Coming Soon,Nobody,Close Every Loop,Enterprise
14,RFID Scanner / Smartphone Integration,Coming Soon,Partial,Close Every Loop,Enterprise
15,Automated Substitute / Replacement Capabilities,Coming Soon,Nobody,Close Every Loop,Enterprise
16,Open PO Awareness / Purchasing,Coming Soon,Nobody,Act & Resolve,Professional
17,Active Directory Integration,Coming Soon,Nobody,Close Every Loop,Enterprise
18,Direct FDA Feed (not screen scrape),Coming Soon,Nobody,Act & Resolve,Professional
19,Daily FDA Processing (Timed),Coming Soon,Nobody,Detect & Alert,Essentials
20,Early FDA Alerts,Coming Soon,Nobody,Detect & Alert,Essentials
21,Insights: Org vs Field Statistical Comparisons,Coming Soon,Nobody,Close Every Loop,Enterprise
22,Facility / Dept. Level Mapping,Coming Soon,Nobody,Close Every Loop,Enterprise
23,Automated Intake from FDA - Direct to Affected End Users,Coming Soon,Partial,Close Every Loop,Enterprise
24,End-to-End Tracking and Data Capture,Coming Soon,Partial,Close Every Loop,Enterprise
25,"Action Tracking (Quarantine, Destroy, Return, Credit)",Coming Soon,Nobody,Act & Resolve,Professional
26,Email Templates / Email Scheduling (Auto Follow-ups),Coming Soon,Nobody,Act & Resolve,Professional
