Source Code,Facility,Facility Id,Pono Release,PoType,Dwh Po Status,Po Status,VendCode,Po Lineno,Dwh Po Line Status,Po Line Status,Dwh Item Status,Item#,ItemDesc,Vend Name,VendCatno,MfrName,MfrCatno,Po Uom,Mmis Qoe,GHX_CONT_ID1,GHX_CONT_ID2,Mmis Pkg String,Full Gl Account,Exp_Code,Expense Code Descrip,Shipto,Deliverto,Buyer Name,Requisitioner,Dept Number,Dept Description,Qty Invoiced,Qty Received,Creation Method,Service Start,Service End,Unspsc Code,Unspsc Segment,Unspsc Commodity,Unspsc Family,Unspsc Class,Reqno,Req Date,Po Create Date,Dwh Po Submit Type,Po Date,Null,Index,Po Price,Po Qty,Qoe Conv Ea,SPEND_VALUE
ORAPOS,OFFSITES,CHP,1381333,GOODS,PROCESSED,APPROVED,198499,11-1-1,CLOSED,CLOSED,NONCAT,NF,RENOVATION ORDER #00136572 SPIDEY CONNECTOR 12',UNITED MAINTENANCE SUPPLIES,72120,UNITED MAINTENANCE SUPPLIES,72120,EACH,NF,,,NF,4309-925109-72-7052-0000000000-0000-000-000,925109,BUILDING SUPPLIES,PE 7052 4309,PE 7052 4309,"BANNERMAN, TRACEY","ZOGAJ, HALIL",7052,310 E 24TH STREET,30,30,BUYER CREATED,,,NF,BUILDING SUPPLIES,BUILDING SUPPLIES,NF,NF,3204550,4/27/2023 12:00:00 AM,4/27/2023 12:00:00 AM,MANUAL FAX/PHONE,4/27/2023 12:00:00 AM, ,1,2.79,30,,83.7
ORAPOS,ST LUKES,CHP,1368744,GOODS,PROCESSED,APPROVED,23935,5-1-1,CLOSED,CLOSED,ACTIVE,8120885,UNASSIGNED UNASSIGNED,MEDTRONIC USA INC,12010,,12010,PACKAGE,20,PP-CA-649,PP-CA-649,PK20,1109-900222-02-4090-0000000000-0000-000-000,900222,PERFUSION SUPPLIES,SL ST LUKES,SL 4090 1109,"BANNERMAN, TRACEY","ROBINSON, EUGENE",4090,CARDIAC SURGERY,1,1,SYSTEM CREATED,,,42294733,MEDICAL EQUIPMENT AND ACCESSORIES AND SUPPLIES,INTRACARDIAC SUCTION DEVICE ACCESSORIES,SURGICAL PRODUCTS,OPEN HEART PERFUSION EQUIPMENT AND MONITORS AND ACCESSORIES AND RELATED PRODUCTS,3179122,2/17/2023 12:00:00 AM,2/17/2023 12:00:00 AM,EDI,2/17/2023 12:00:00 AM, ,2,247.6,1,20,247.6
ORAPOS,ST LUKES,CHP,1380125,GOODS,PROCESSED,APPROVED,23935,7-1-1,CLOSED,CLOSED,ACTIVE,8120885,UNASSIGNED UNASSIGNED,MEDTRONIC USA INC,12010,,12010,PACKAGE,20,PP-CA-649,PP-CA-649,PK20,1109-900222-02-4090-0000000000-0000-000-000,900222,PERFUSION SUPPLIES,SL ST LUKES,SL 4090 1109,"BANNERMAN, TRACEY","ROBINSON, EUGENE",4090,CARDIAC SURGERY,1,1,SYSTEM CREATED,,,42294733,MEDICAL EQUIPMENT AND ACCESSORIES AND SUPPLIES,INTRACARDIAC SUCTION DEVICE ACCESSORIES,SURGICAL PRODUCTS,OPEN HEART PERFUSION EQUIPMENT AND MONITORS AND ACCESSORIES AND RELATED PRODUCTS,3203837,4/21/2023 12:00:00 AM,4/21/2023 12:00:00 AM,EDI,4/21/2023 12:00:00 AM, ,3,247.6,1,20,247.6
ORAPOS,ST LUKES,CHP,1398465,GOODS,PROCESSED,APPROVED,23935,1-1-1,CLOSED,CLOSED,ACTIVE,8120885,UNASSIGNED UNASSIGNED,MEDTRONIC USA INC,12010,,12010,PACKAGE,20,PP-CA-649,PP-CA-649,PK20,1109-900222-02-4090-0000000000-0000-000-000,900222,PERFUSION SUPPLIES,SL ST LUKES,SL 4090 1109,"BANNERMAN, TRACEY","SPENCER, DARREL (DARRELL)",4090,CARDIAC SURGERY,1,1,SYSTEM CREATED,,,42294733,MEDICAL EQUIPMENT AND ACCESSORIES AND SUPPLIES,INTRACARDIAC SUCTION DEVICE ACCESSORIES,SURGICAL PRODUCTS,OPEN HEART PERFUSION EQUIPMENT AND MONITORS AND ACCESSORIES AND RELATED PRODUCTS,3241308,7/26/2023 12:00:00 AM,7/26/2023 12:00:00 AM,EDI,7/26/2023 12:00:00 AM, ,4,247.6,1,20,247.6
ORAPOS,ST LUKES,CHP,1399812,GOODS,PROCESSED,APPROVED,23935,2-1-1,CLOSED,CLOSED,NONCAT,NF,20FR. RT VENOUS CANNULA,MEDTRONIC USA INC,69320,MEDTRONIC USA INC,69320,BOX,NF,,,NF,1109-900222-02-4090-0000000000-0000-000-000,900222,PERFUSION SUPPLIES,SL ST LUKES,SL 4090 1109,"BANNERMAN, TRACEY","SPENCER, DARREL (DARRELL)",4090,CARDIAC SURGERY,1,1,BUYER CREATED,,,NF,PERFUSION SUPPLIES,PERFUSION SUPPLIES,NF,NF,3244073,8/2/2023 12:00:00 AM,8/3/2023 12:00:00 AM,EDI,8/3/2023 12:00:00 AM, ,5,306.9,1,,306.9
ORAPOS,ST LUKES,CHP,1402555,GOODS,PROCESSED,APPROVED,23935,1-1-1,CLOSED,CLOSED,ACTIVE,6025549,CANNULA PERFUSION 15IN OVAL LOW PROFILE 32-40FR .5IN MC2 VENOUS ADULT 2 STAGE NONVENTED CONNECTOR KINK RESISTANT MULTIPORT ATRIAL BASKET,MEDTRONIC USA INC,91263C,,91263C,PACKAGE,10,PP-CA-649,PP-CA-649,PK10,1109-900150-02-4090-0000000000-0000-000-000,900150,OPERATING ROOM SUPPLIES,SL ST LUKES,SL 4090 1109,"BANNERMAN, TRACEY","ROBINSON, EUGENE",4090,CARDIAC SURGERY,1,1,SYSTEM CREATED,,,42295302,MEDICAL EQUIPMENT AND ACCESSORIES AND SUPPLIES,SURGICAL PERFUSION CANNULAS OR CATHETERS,SURGICAL PRODUCTS,OPEN HEART SURGICAL SUPPLIES AND ACCESSORIES AND RELATED PRODUCTS,3249936,8/17/2023 12:00:00 AM,8/17/2023 12:00:00 AM,EDI,8/17/2023 12:00:00 AM, ,6,336.6,1,10,336.6
ORAPOS,ST LUKES,CHP,1404692,GOODS,PROCESSED,APPROVED,23935,1-1-1,CLOSED,CLOSED,ACTIVE,8120885,UNASSIGNED UNASSIGNED,MEDTRONIC USA INC,12010,,12010,PACKAGE,20,PP-CA-649,PP-CA-649,PK20,1109-900222-02-4090-0000000000-0000-000-000,900222,PERFUSION SUPPLIES,SL ST LUKES,SL 4090 1109,"BANNERMAN, TRACEY","SPENCER, DARREL (DARRELL)",4090,CARDIAC SURGERY,2,2,SYSTEM CREATED,,,42294733,MEDICAL EQUIPMENT AND ACCESSORIES AND SUPPLIES,INTRACARDIAC SUCTION DEVICE ACCESSORIES,SURGICAL PRODUCTS,OPEN HEART PERFUSION EQUIPMENT AND MONITORS AND ACCESSORIES AND RELATED PRODUCTS,3254976,8/30/2023 12:00:00 AM,8/30/2023 12:00:00 AM,EDI,8/30/2023 12:00:00 AM, ,7,247.6,2,20,495.2
ORAPOS,ST LUKES,CHP,1404694,GOODS,PROCESSED,APPROVED,23935,1-1-1,CLOSED,CLOSED,ACTIVE,0097688,CANNULA PERFUSION 15IN .5IN CONNECTOR 32-40FR MC2 VENOUS ADULT 2 STAGE OVAL BODY STERILE,MEDTRONIC USA INC,91263,,91263,BOX,10,PP-CA-649,PP-CA-649,BX10,1109-900222-02-4090-0000000000-0000-000-000,900222,PERFUSION SUPPLIES,SL ST LUKES,SL 4090 1109,"BANNERMAN, TRACEY","SPENCER, DARREL (DARRELL)",4090,CARDIAC SURGERY,1,1,SYSTEM CREATED,,,42295302,MEDICAL EQUIPMENT AND ACCESSORIES AND SUPPLIES,SURGICAL PERFUSION CANNULAS OR CATHETERS,SURGICAL PRODUCTS,OPEN HEART SURGICAL SUPPLIES AND ACCESSORIES AND RELATED PRODUCTS,3254968,8/30/2023 12:00:00 AM,8/30/2023 12:00:00 AM,EDI,8/30/2023 12:00:00 AM, ,8,316.8,1,10,316.8
ORAPOS,ST LUKES,CHP,1409734,GOODS,PROCESSED,APPROVED,23935,1-1-1,CLOSED,CLOSED,ACTIVE,0097688,CANNULA PERFUSION 15IN .5IN CONNECTOR 32-40FR MC2 VENOUS ADULT 2 STAGE OVAL BODY STERILE,MEDTRONIC USA INC,91263,,91263,BOX,10,PP-CA-649,PP-CA-649,BX10,1109-900222-02-4090-0000000000-0000-000-000,900222,PERFUSION SUPPLIES,SL ST LUKES,SL 4090 1109,"BANNERMAN, TRACEY","ROBINSON, EUGENE",4090,CARDIAC SURGERY,1,1,SYSTEM CREATED,,,42295302,MEDICAL EQUIPMENT AND ACCESSORIES AND SUPPLIES,SURGICAL PERFUSION CANNULAS OR CATHETERS,SURGICAL PRODUCTS,OPEN HEART SURGICAL SUPPLIES AND ACCESSORIES AND RELATED PRODUCTS,3265721,9/28/2023 12:00:00 AM,9/28/2023 12:00:00 AM,EDI,9/28/2023 12:00:00 AM, ,9,316.8,1,10,316.8
ORAPOS,ST LUKES,CHP,1410781,GOODS,PROCESSED,APPROVED,23935,6-1-1,CLOSED,CLOSED,ACTIVE,8120885,UNASSIGNED UNASSIGNED,MEDTRONIC USA INC,12010,,12010,PACKAGE,20,PP-CA-649,PP-CA-649,PK20,1109-900222-02-4090-0000000000-0000-000-000,900222,PERFUSION SUPPLIES,SL ST LUKES,SL 4090 1109,"BANNERMAN, TRACEY","ROBINSON, EUGENE",4090,CARDIAC SURGERY,1,1,SYSTEM CREATED,,,42294733,MEDICAL EQUIPMENT AND ACCESSORIES AND SUPPLIES,INTRACARDIAC SUCTION DEVICE ACCESSORIES,SURGICAL PRODUCTS,OPEN HEART PERFUSION EQUIPMENT AND MONITORS AND ACCESSORIES AND RELATED PRODUCTS,3268043,10/4/2023 12:00:00 AM,10/4/2023 12:00:00 AM,EDI,10/4/2023 12:00:00 AM, ,10,247.6,1,20,247.6
PMMPOS,MOUNT SINAI HOSPITAL,M,M1927082,PURCHASE ORDER,CLOSED,CLOSED,MTRINC,1,CLOSED,CLOSED,ACTIVE,222702,CANNULA MC2 2 STAGE VENOUS 32/40FR,MEDTRONIC AVE INC,91263C,,91263C,CASE,1,PP-CA-649,PP-CA-649,1/CS 10/PK 1/EA,010407794220,4220,MED/SURG DISPOSABLE,M 0779 OR CARDIAC GP3 RM 382,M 0779 OR CARDIAC GP3 RM 382,MSH MAIN PURCHASING,"FERGUSON, TYQUAN",01040779,OR CARDIAC,,1,SYSTEM CREATED,,,NF,MEDICAL EQUIPMENT AND ACCESSORIES AND SUPPLIES,SURGICAL PERFUSION CANNULAS OR CATHETERS,NF,NF,2729636,2/1/2023 12:00:00 AM,2/1/2023 12:00:00 AM,EDI,2/1/2023 12:00:00 AM, ,11,336.6,1,10,336.6
PMMPOS,MOUNT SINAI HOSPITAL,M,M1934132,PURCHASE ORDER,CLOSED,CLOSED,MTRUSA,2,CLOSED,CLOSED,ACTIVE,37710,CANNULA ARTERIOTOMY,MEDTRONIC USA INC,31001,,31001,PACKAGE,20,PP-CA-649,PP-CA-649,1/CS 20/PK 1/EA,010407794220,4220,MED/SURG DISPOSABLE,M 0779 OR CARDIAC GP3 RM 382,M 0779 OR CARDIAC GP3 RM 382,MSH MAIN PURCHASING,"FERGUSON, TYQUAN",01040779,OR CARDIAC,,1,SYSTEM CREATED,,,42295302,MEDICAL EQUIPMENT AND ACCESSORIES AND SUPPLIES,SURGICAL PERFUSION CANNULAS OR CATHETERS,SURGICAL PRODUCTS,OPEN HEART SURGICAL SUPPLIES AND ACCESSORIES AND RELATED PRODUCTS,2737444,2/21/2023 12:00:00 AM,2/21/2023 12:00:00 AM,EDI,2/21/2023 12:00:00 AM, ,12,217.8,1,20,217.8
PMMPOS,MOUNT SINAI HOSPITAL,M,M1934737,PURCHASE ORDER,CLOSED,CLOSED,MTRUSA,2,CLOSED,CLOSED,ACTIVE,23680,SUMP INTRCRD SUCT 15IN 20FR DLP .25IN,MEDTRONIC USA INC,12010,,12010,BOX,20,PP-CA-649,PP-CA-649,1/CS 20/BX 1/EA,010407794220,4220,MED/SURG DISPOSABLE,M 0779 OR CARDIAC GP3 RM 382,M 0779 OR CARDIAC GP3 RM 382,MSH MAIN PURCHASING,"FERGUSON, TYQUAN",01040779,OR CARDIAC,,1,SYSTEM CREATED,,,42294733,MEDICAL EQUIPMENT AND ACCESSORIES AND SUPPLIES,INTRACARDIAC SUCTION DEVICE ACCESSORIES,SURGICAL PRODUCTS,OPEN HEART PERFUSION EQUIPMENT AND MONITORS AND ACCESSORIES AND RELATED PRODUCTS,2738182,2/22/2023 12:00:00 AM,2/22/2023 12:00:00 AM,EDI,2/22/2023 12:00:00 AM, ,13,247.6,1,20,247.6
PMMPOS,MOUNT SINAI HOSPITAL,M,M1935619,PURCHASE ORDER,CLOSED,CLOSED,MTRINC,1,CLOSED,CLOSED,ACTIVE,222702,CANNULA MC2 2 STAGE VENOUS 32/40FR,MEDTRONIC AVE INC,91263C,,91263C,CASE,1,PP-CA-649,PP-CA-649,1/CS 10/PK 1/EA,010407794220,4220,MED/SURG DISPOSABLE,M 0779 OR CARDIAC GP3 RM 382,M 0779 OR CARDIAC GP3 RM 382,MSH MAIN PURCHASING,"FERGUSON, TYQUAN",01040779,OR CARDIAC,,1,SYSTEM CREATED,,,NF,MEDICAL EQUIPMENT AND ACCESSORIES AND SUPPLIES,SURGICAL PERFUSION CANNULAS OR CATHETERS,NF,NF,2739227,2/24/2023 12:00:00 AM,2/24/2023 12:00:00 AM,EDI,2/24/2023 12:00:00 AM, ,14,336.6,1,10,336.6
PMMPOS,MOUNT SINAI HOSPITAL,M,M1940478,PURCHASE ORDER,CLOSED,CLOSED,MTRUSA,1,CLOSED,CLOSED,ACTIVE,23680,SUMP INTRCRD SUCT 15IN 20FR DLP .25IN,MEDTRONIC USA INC,12010,,12010,BOX,20,PP-CA-649,PP-CA-649,1/CS 20/BX 1/EA,010407794220,4220,MED/SURG DISPOSABLE,M 0779 OR CARDIAC GP3 RM 382,M 0779 OR CARDIAC GP3 RM 382,MSH MAIN PURCHASING,"FERGUSON, TYQUAN",01040779,OR CARDIAC,,2,SYSTEM CREATED,,,42294733,MEDICAL EQUIPMENT AND ACCESSORIES AND SUPPLIES,INTRACARDIAC SUCTION DEVICE ACCESSORIES,SURGICAL PRODUCTS,OPEN HEART PERFUSION EQUIPMENT AND MONITORS AND ACCESSORIES AND RELATED PRODUCTS,2744604,3/9/2023 12:00:00 AM,3/9/2023 12:00:00 AM,EDI,3/9/2023 12:00:00 AM, ,15,247.6,2,20,495.2
PMMPOS,MOUNT SINAI HOSPITAL,M,M1940613,PURCHASE ORDER,CLOSED,CLOSED,DLP1,1,CLOSED,CLOSED,ACTIVE,449,CANNULA VENOUS 16F RT ANG,MEDTRONIC DLP,67316,,67316,CASE,10,PP-CA-649,PP-CA-649,10/CS 1/EA,010407794220,4220,MED/SURG DISPOSABLE,M 0779 OR CARDIAC GP3 RM 382,M 0779 OR CARDIAC GP3 RM 382,MSH MAIN PURCHASING,"FERGUSON, TYQUAN",01040779,OR CARDIAC,,1,SYSTEM CREATED,,,NF,MED/SURG DISPOSABLE,MED/SURG DISPOSABLE,NF,NF,2744857,3/9/2023 12:00:00 AM,3/9/2023 12:00:00 AM,EDI,3/9/2023 12:00:00 AM, ,16,3069,1,1,3069
PMMPOS,MOUNT SINAI HOSPITAL,M,M1943026,PURCHASE ORDER,CLOSED,CLOSED,MTRUSA,1,CLOSED,CLOSED,ACTIVE,23680,SUMP INTRCRD SUCT 15IN 20FR DLP .25IN,MEDTRONIC USA INC,12010,,12010,BOX,20,PP-CA-649,PP-CA-649,1/CS 20/BX 1/EA,010407794220,4220,MED/SURG DISPOSABLE,M 0779 OR CARDIAC GP3 RM 382,M 0779 OR CARDIAC GP3 RM 382,MSH MAIN PURCHASING,"FERGUSON, TYQUAN",01040779,OR CARDIAC,,1,SYSTEM CREATED,,,42294733,MEDICAL EQUIPMENT AND ACCESSORIES AND SUPPLIES,INTRACARDIAC SUCTION DEVICE ACCESSORIES,SURGICAL PRODUCTS,OPEN HEART PERFUSION EQUIPMENT AND MONITORS AND ACCESSORIES AND RELATED PRODUCTS,2747479,3/16/2023 12:00:00 AM,3/16/2023 12:00:00 AM,EDI,3/16/2023 12:00:00 AM, ,17,247.6,1,20,247.6
PMMPOS,MOUNT SINAI HOSPITAL,M,M1944391,PURCHASE ORDER,CLOSED,CLOSED,MTRUSA,1,CLOSED,CLOSED,ACTIVE,37710,CANNULA ARTERIOTOMY,MEDTRONIC USA INC,31001,,31001,PACKAGE,20,PP-CA-649,PP-CA-649,1/CS 20/PK 1/EA,010407794220,4220,MED/SURG DISPOSABLE,M 0779 OR CARDIAC GP3 RM 382,M 0779 OR CARDIAC GP3 RM 382,MSH MAIN PURCHASING,NSG-OR REQ INTERFACE,01040779,OR CARDIAC,,2,SYSTEM CREATED,,,42295302,MEDICAL EQUIPMENT AND ACCESSORIES AND SUPPLIES,SURGICAL PERFUSION CANNULAS OR CATHETERS,SURGICAL PRODUCTS,OPEN HEART SURGICAL SUPPLIES AND ACCESSORIES AND RELATED PRODUCTS,230321-BIDE,3/21/2023 12:00:00 AM,3/21/2023 12:00:00 AM,EDI,3/21/2023 12:00:00 AM, ,18,217.8,2,20,435.6
PMMPOS,MOUNT SINAI HOSPITAL,M,M1944438,PURCHASE ORDER,CLOSED,CLOSED,MTRINC,1,CLOSED,CLOSED,ACTIVE,222702,CANNULA MC2 2 STAGE VENOUS 32/40FR,MEDTRONIC AVE INC,91263C,,91263C,CASE,1,PP-CA-649,PP-CA-649,1/CS 10/PK 1/EA,010407794220,4220,MED/SURG DISPOSABLE,M 0779 OR CARDIAC GP3 RM 382,M 0779 OR CARDIAC GP3 RM 382,MSH MAIN PURCHASING,"FERGUSON, TYQUAN",01040779,OR CARDIAC,,1,SYSTEM CREATED,,,NF,MEDICAL EQUIPMENT AND ACCESSORIES AND SUPPLIES,SURGICAL PERFUSION CANNULAS OR CATHETERS,NF,NF,2749257,3/21/2023 12:00:00 AM,3/21/2023 12:00:00 AM,EDI,3/21/2023 12:00:00 AM, ,19,336.6,1,10,336.6
PMMPOS,MOUNT SINAI HOSPITAL,M,M1948053,PURCHASE ORDER,CLOSED,CLOSED,MTRUSA,1,CLOSED,CLOSED,ACTIVE,23680,SUMP INTRCRD SUCT 15IN 20FR DLP .25IN,MEDTRONIC USA INC,12010,,12010,BOX,20,PP-CA-649,PP-CA-649,1/CS 20/BX 1/EA,010407794220,4220,MED/SURG DISPOSABLE,M 0779 OR CARDIAC GP3 RM 382,M 0779 OR CARDIAC GP3 RM 382,MSH MAIN PURCHASING,"FERGUSON, TYQUAN",01040779,OR CARDIAC,,1,SYSTEM CREATED,,,42294733,MEDICAL EQUIPMENT AND ACCESSORIES AND SUPPLIES,INTRACARDIAC SUCTION DEVICE ACCESSORIES,SURGICAL PRODUCTS,OPEN HEART PERFUSION EQUIPMENT AND MONITORS AND ACCESSORIES AND RELATED PRODUCTS,2753500,3/30/2023 12:00:00 AM,3/30/2023 12:00:00 AM,EDI,3/30/2023 12:00:00 AM, ,20,247.6,1,20,247.6
PMMPOS,MOUNT SINAI HOSPITAL,M,M1948769,PURCHASE ORDER,CLOSED,CLOSED,MTRUSA,1,CLOSED,CLOSED,ACTIVE,23680,SUMP INTRCRD SUCT 15IN 20FR DLP .25IN,MEDTRONIC USA INC,12010,,12010,BOX,20,PP-CA-649,PP-CA-649,1/CS 20/BX 1/EA,010407794220,4220,MED/SURG DISPOSABLE,M 0779 OR CARDIAC GP3 RM 382,M 0779 OR CARDIAC GP3 RM 382,MSH MAIN PURCHASING,"FERGUSON, TYQUAN",01040779,OR CARDIAC,,1,SYSTEM CREATED,,,42294733,MEDICAL EQUIPMENT AND ACCESSORIES AND SUPPLIES,INTRACARDIAC SUCTION DEVICE ACCESSORIES,SURGICAL PRODUCTS,OPEN HEART PERFUSION EQUIPMENT AND MONITORS AND ACCESSORIES AND RELATED PRODUCTS,2754266,3/31/2023 12:00:00 AM,3/31/2023 12:00:00 AM,EDI,3/31/2023 12:00:00 AM, ,21,247.6,1,20,247.6
PMMPOS,MOUNT SINAI HOSPITAL,M,M1953588,PURCHASE ORDER,CLOSED,CLOSED,MTRUSA,2,CLOSED,CLOSED,ACTIVE,23680,SUMP INTRCRD SUCT 15IN 20FR DLP .25IN,MEDTRONIC USA INC,12010,,12010,BOX,20,PP-CA-649,PP-CA-649,1/CS 20/BX 1/EA,010407794220,4220,MED/SURG DISPOSABLE,M 0779 OR CARDIAC GP3 RM 382,M 0779 OR CARDIAC GP3 RM 382,MSH MAIN PURCHASING,"FERGUSON, TYQUAN",01040779,OR CARDIAC,,1,SYSTEM CREATED,,,42294733,MEDICAL EQUIPMENT AND ACCESSORIES AND SUPPLIES,INTRACARDIAC SUCTION DEVICE ACCESSORIES,SURGICAL PRODUCTS,OPEN HEART PERFUSION EQUIPMENT AND MONITORS AND ACCESSORIES AND RELATED PRODUCTS,2759977,4/14/2023 12:00:00 AM,4/14/2023 12:00:00 AM,EDI,4/14/2023 12:00:00 AM, ,22,247.6,1,20,247.6
PMMPOS,MOUNT SINAI HOSPITAL,M,M1956810,PURCHASE ORDER,CLOSED,CLOSED,MTRINC,1,CLOSED,CLOSED,ACTIVE,222702,CANNULA MC2 2 STAGE VENOUS 32/40FR,MEDTRONIC AVE INC,91263C,,91263C,CASE,1,PP-CA-649,PP-CA-649,1/CS 10/PK 1/EA,010407794220,4220,MED/SURG DISPOSABLE,M 0779 OR CARDIAC GP3 RM 382,M 0779 OR CARDIAC GP3 RM 382,MSH MAIN PURCHASING,"ASHLEY, SHANNON",01040779,OR CARDIAC,,2,SYSTEM CREATED,,,NF,MEDICAL EQUIPMENT AND ACCESSORIES AND SUPPLIES,SURGICAL PERFUSION CANNULAS OR CATHETERS,NF,NF,2763676,4/24/2023 12:00:00 AM,4/24/2023 12:00:00 AM,EDI,4/24/2023 12:00:00 AM, ,23,336.6,2,10,673.2
PMMPOS,MOUNT SINAI HOSPITAL,M,M1956814,PURCHASE ORDER,CLOSED,CLOSED,MTRUSA,2,CLOSED,CLOSED,ACTIVE,23680,SUMP INTRCRD SUCT 15IN 20FR DLP .25IN,MEDTRONIC USA INC,12010,,12010,BOX,20,PP-CA-649,PP-CA-649,1/CS 20/BX 1/EA,010407794220,4220,MED/SURG DISPOSABLE,M 0779 OR CARDIAC GP3 RM 382,M 0779 OR CARDIAC GP3 RM 382,MSH MAIN PURCHASING,"ASHLEY, SHANNON",01040779,OR CARDIAC,,2,SYSTEM CREATED,,,42294733,MEDICAL EQUIPMENT AND ACCESSORIES AND SUPPLIES,INTRACARDIAC SUCTION DEVICE ACCESSORIES,SURGICAL PRODUCTS,OPEN HEART PERFUSION EQUIPMENT AND MONITORS AND ACCESSORIES AND RELATED PRODUCTS,2763676,4/24/2023 12:00:00 AM,4/24/2023 12:00:00 AM,EDI,4/24/2023 12:00:00 AM, ,24,247.6,2,20,495.2
PMMPOS,MOUNT SINAI HOSPITAL,M,M1959847,PURCHASE ORDER,CLOSED,CLOSED,MTRINC,2,CLOSED,CLOSED,ACTIVE,222702,CANNULA MC2 2 STAGE VENOUS 32/40FR,MEDTRONIC AVE INC,91263C,,91263C,CASE,1,PP-CA-649,PP-CA-649,1/CS 10/PK 1/EA,010407794220,4220,MED/SURG DISPOSABLE,M 0779 OR CARDIAC GP3 RM 382,M 0779 OR CARDIAC GP3 RM 382,MSH MAIN PURCHASING,"FERGUSON, TYQUAN",01040779,OR CARDIAC,,2,SYSTEM CREATED,,,NF,MEDICAL EQUIPMENT AND ACCESSORIES AND SUPPLIES,SURGICAL PERFUSION CANNULAS OR CATHETERS,NF,NF,2767116,5/2/2023 12:00:00 AM,5/2/2023 12:00:00 AM,EDI,5/2/2023 12:00:00 AM, ,25,336.6,2,10,673.2
PMMPOS,MOUNT SINAI HOSPITAL,M,M1959851,PURCHASE ORDER,CLOSED,CLOSED,MTRUSA,2,CLOSED,CLOSED,ACTIVE,450,CANNULA VENOUS 20F RT ANG,MEDTRONIC USA INC,67320,,67320,CASE,10,PP-CA-649,PP-CA-649,10/CS 1/EA,010407794220,4220,MED/SURG DISPOSABLE,M 0779 OR CARDIAC GP3 RM 382,M 0779 OR CARDIAC GP3 RM 382,MSH MAIN PURCHASING,"FERGUSON, TYQUAN",01040779,OR CARDIAC,,1,SYSTEM CREATED,,,42295302,MEDICAL EQUIPMENT AND ACCESSORIES AND SUPPLIES,SURGICAL PERFUSION CANNULAS OR CATHETERS,SURGICAL PRODUCTS,OPEN HEART SURGICAL SUPPLIES AND ACCESSORIES AND RELATED PRODUCTS,2767116,5/2/2023 12:00:00 AM,5/2/2023 12:00:00 AM,EDI,5/2/2023 12:00:00 AM, ,26,3069,1,1,3069
PMMPOS,MOUNT SINAI HOSPITAL,M,M1961968,PURCHASE ORDER,CLOSED,CLOSED,MTRUSA,1,CLOSED,CLOSED,ACTIVE,246722,TUBE SUCTION DLP RIGID 20FR FLUTED POOL TIP 6IN,MEDTRONIC USA INC,10061,,10061,PACKAGE,20,PP-CA-649,PP-CA-649,20/PK 1/EA,010407794220,4220,MED/SURG DISPOSABLE,M 0779 OR CARDIAC GP3 RM 382,M 0779 OR CARDIAC GP3 RM 382,MSH MAIN PURCHASING,"FERGUSON, TYQUAN",01040779,OR CARDIAC,,1,SYSTEM CREATED,,,42293515,MEDICAL EQUIPMENT AND ACCESSORIES AND SUPPLIES,MEDICAL OR SURGICAL SUCTION TUBINGS,SURGICAL PRODUCTS,SURGICAL SUCTION AND IRRIGATION PRODUCTS,2769531,5/8/2023 12:00:00 AM,5/8/2023 12:00:00 AM,EDI,5/8/2023 12:00:00 AM, ,27,287.2,1,20,287.2
PMMPOS,MOUNT SINAI HOSPITAL,M,M1964642,PURCHASE ORDER,CLOSED,CLOSED,MTRUSA,2,CLOSED,CLOSED,ACTIVE,23680,SUMP INTRCRD SUCT 15IN 20FR DLP .25IN,MEDTRONIC USA INC,12010,,12010,BOX,20,PP-CA-649,PP-CA-649,1/CS 20/BX 1/EA,010407794220,4220,MED/SURG DISPOSABLE,M 0779 OR CARDIAC GP3 RM 382,M 0779 OR CARDIAC GP3 RM 382,MSH MAIN PURCHASING,"FERGUSON, TYQUAN",01040779,OR CARDIAC,,1,SYSTEM CREATED,,,42294733,MEDICAL EQUIPMENT AND ACCESSORIES AND SUPPLIES,INTRACARDIAC SUCTION DEVICE ACCESSORIES,SURGICAL PRODUCTS,OPEN HEART PERFUSION EQUIPMENT AND MONITORS AND ACCESSORIES AND RELATED PRODUCTS,2772452,5/15/2023 12:00:00 AM,5/15/2023 12:00:00 AM,EDI,5/15/2023 12:00:00 AM, ,28,247.6,1,20,247.6
PMMPOS,MOUNT SINAI HOSPITAL,M,M1966945,PURCHASE ORDER,CLOSED,CLOSED,MTRUSA,1,CLOSED,CLOSED,ACTIVE,37710,CANNULA ARTERIOTOMY,MEDTRONIC USA INC,31001,,31001,PACKAGE,20,PP-CA-649,PP-CA-649,NF,010407794220,4220,MED/SURG DISPOSABLE,M 0779 OR CARDIAC GP3 RM 382,M 0779 OR CARDIAC GP3 RM 382,MSH MAIN PURCHASING,NSG-OR REQ INTERFACE,01040779,OR CARDIAC,,2,SYSTEM CREATED,,,NF,MEDICAL EQUIPMENT AND ACCESSORIES AND SUPPLIES,SURGICAL PERFUSION CANNULAS OR CATHETERS,NF,NF,230522-DFQ8,5/22/2023 12:00:00 AM,5/22/2023 12:00:00 AM,EDI,5/22/2023 12:00:00 AM, ,29,217.8,2,20,435.6
PMMPOS,MOUNT SINAI HOSPITAL,M,M1967102,PURCHASE ORDER,CLOSED,CLOSED,MTRUSA,2,CLOSED,CLOSED,ACTIVE,23680,SUMP INTRCRD SUCT 15IN 20FR DLP .25IN,MEDTRONIC USA INC,12010,,12010,BOX,20,PP-CA-649,PP-CA-649,NF,010407794220,4220,MED/SURG DISPOSABLE,M 0779 OR CARDIAC GP3 RM 382,M 0779 OR CARDIAC GP3 RM 382,MSH MAIN PURCHASING,"FERGUSON, TYQUAN",01040779,OR CARDIAC,,1,SYSTEM CREATED,,,NF,MEDICAL EQUIPMENT AND ACCESSORIES AND SUPPLIES,INTRACARDIAC SUCTION DEVICE ACCESSORIES,NF,NF,2775379,5/22/2023 12:00:00 AM,5/22/2023 12:00:00 AM,EDI,5/22/2023 12:00:00 AM, ,30,247.6,1,20,247.6
PMMPOS,MOUNT SINAI HOSPITAL,M,M1973424,PURCHASE ORDER,CLOSED,CLOSED,MTRUSA,2,CLOSED,CLOSED,ACTIVE,440756,CANNULA PERFUSION 15IN 32-40FR VENOUS ADULT .5IN C,MEDTRONIC USA INC,91263,,91263,BOX,10,PP-CA-649,PP-CA-649,10/BX 1/EA,010407794220,4220,MED/SURG DISPOSABLE,M 0779 OR CARDIAC GP3 RM 382,M 0779 OR CARDIAC GP3 RM 382,MSH MAIN PURCHASING,"ASHLEY, SHANNON",01040779,OR CARDIAC,,1,SYSTEM CREATED,,,42295302,MEDICAL EQUIPMENT AND ACCESSORIES AND SUPPLIES,SURGICAL PERFUSION CANNULAS OR CATHETERS,SURGICAL PRODUCTS,OPEN HEART SURGICAL SUPPLIES AND ACCESSORIES AND RELATED PRODUCTS,2782264,6/8/2023 12:00:00 AM,6/8/2023 12:00:00 AM,EDI,6/8/2023 12:00:00 AM, ,31,316.8,1,10,316.8
PMMPOS,MOUNT SINAI HOSPITAL,M,M1973909,PURCHASE ORDER,CLOSED,CLOSED,MTRINC,1,CLOSED,CLOSED,ACTIVE,222702,CANNULA MC2 2 STAGE VENOUS 32/40FR,MEDTRONIC AVE INC,91263C,,91263C,CASE,1,PP-CA-649,PP-CA-649,1/CS 10/PK 1/EA,010407794220,4220,MED/SURG DISPOSABLE,M 0779 OR CARDIAC GP3 RM 382,M 0779 OR CARDIAC GP3 RM 382,MSH MAIN PURCHASING,"ASHLEY, SHANNON",01040779,OR CARDIAC,,2,SYSTEM CREATED,,,NF,MEDICAL EQUIPMENT AND ACCESSORIES AND SUPPLIES,SURGICAL PERFUSION CANNULAS OR CATHETERS,NF,NF,2782854,6/9/2023 12:00:00 AM,6/9/2023 12:00:00 AM,EDI,6/9/2023 12:00:00 AM, ,32,336.6,2,10,673.2
PMMPOS,MOUNT SINAI HOSPITAL,M,M1973914,PURCHASE ORDER,CLOSED,CLOSED,MTRUSA,2,CLOSED,CLOSED,ACTIVE,23680,SUMP INTRCRD SUCT 15IN 20FR DLP .25IN,MEDTRONIC USA INC,12010,,12010,BOX,20,PP-CA-649,PP-CA-649,1/CS 20/BX 1/EA,010407794220,4220,MED/SURG DISPOSABLE,M 0779 OR CARDIAC GP3 RM 382,M 0779 OR CARDIAC GP3 RM 382,MSH MAIN PURCHASING,"ASHLEY, SHANNON",01040779,OR CARDIAC,,1,SYSTEM CREATED,,,42294733,MEDICAL EQUIPMENT AND ACCESSORIES AND SUPPLIES,INTRACARDIAC SUCTION DEVICE ACCESSORIES,SURGICAL PRODUCTS,OPEN HEART PERFUSION EQUIPMENT AND MONITORS AND ACCESSORIES AND RELATED PRODUCTS,2782854,6/9/2023 12:00:00 AM,6/9/2023 12:00:00 AM,EDI,6/9/2023 12:00:00 AM, ,33,247.6,1,20,247.6
PMMPOS,MOUNT SINAI HOSPITAL,M,M1976146,PURCHASE ORDER,CLOSED,CLOSED,DLP1,1,CLOSED,CLOSED,ACTIVE,449,CANNULA VENOUS 16F RT ANG,MEDTRONIC DLP,67316,,67316,CASE,10,PP-CA-649,PP-CA-649,10/CS 1/EA,010407794220,4220,MED/SURG DISPOSABLE,M 0779 OR CARDIAC GP3 RM 382,M 0779 OR CARDIAC GP3 RM 382,MSH MAIN PURCHASING,"FERGUSON, TYQUAN",01040779,OR CARDIAC,,1,SYSTEM CREATED,,,NF,MED/SURG DISPOSABLE,MED/SURG DISPOSABLE,NF,NF,2785260,6/15/2023 12:00:00 AM,6/15/2023 12:00:00 AM,EDI,6/15/2023 12:00:00 AM, ,34,3069,1,1,3069
PMMPOS,MOUNT SINAI HOSPITAL,M,M1977478,PURCHASE ORDER,CLOSED,CLOSED,MTRUSA,2,CLOSED,CLOSED,ACTIVE,23680,SUMP INTRCRD SUCT 15IN 20FR DLP .25IN,MEDTRONIC USA INC,12010,,12010,BOX,20,PP-CA-649,PP-CA-649,1/CS 20/BX 1/EA,010407794220,4220,MED/SURG DISPOSABLE,M 0779 OR CARDIAC GP3 RM 382,M 0779 OR CARDIAC GP3 RM 382,MSH MAIN PURCHASING,"FERGUSON, TYQUAN",01040779,OR CARDIAC,,2,SYSTEM CREATED,,,42294733,MEDICAL EQUIPMENT AND ACCESSORIES AND SUPPLIES,INTRACARDIAC SUCTION DEVICE ACCESSORIES,SURGICAL PRODUCTS,OPEN HEART PERFUSION EQUIPMENT AND MONITORS AND ACCESSORIES AND RELATED PRODUCTS,2786704,6/21/2023 12:00:00 AM,6/21/2023 12:00:00 AM,EDI,6/21/2023 12:00:00 AM, ,35,247.6,2,20,495.2
PMMPOS,MOUNT SINAI HOSPITAL,M,M1977748,PURCHASE ORDER,CLOSED,CLOSED,MTRUSA,2,CLOSED,CLOSED,ACTIVE,23680,SUMP INTRCRD SUCT 15IN 20FR DLP .25IN,MEDTRONIC USA INC,12010,,12010,BOX,20,PP-CA-649,PP-CA-649,1/CS 20/BX 1/EA,010407794220,4220,MED/SURG DISPOSABLE,M 0779 OR CARDIAC GP3 RM 382,M 0779 OR CARDIAC GP3 RM 382,MSH MAIN PURCHASING,"FERGUSON, TYQUAN",01040779,OR CARDIAC,,2,SYSTEM CREATED,,,42294733,MEDICAL EQUIPMENT AND ACCESSORIES AND SUPPLIES,INTRACARDIAC SUCTION DEVICE ACCESSORIES,SURGICAL PRODUCTS,OPEN HEART PERFUSION EQUIPMENT AND MONITORS AND ACCESSORIES AND RELATED PRODUCTS,2786952,6/21/2023 12:00:00 AM,6/21/2023 12:00:00 AM,EDI,6/21/2023 12:00:00 AM, ,36,247.6,2,20,495.2
PMMPOS,MOUNT SINAI HOSPITAL,M,M1978324,PURCHASE ORDER,CLOSED,CLOSED,MTRUSA,1,CLOSED,CLOSED,ACTIVE,448,CANNULA VENOUS 12F RT ANG,MEDTRONIC USA INC,67312,,67312,CASE,10,PP-CA-649,PP-CA-649,10/CS 1/EA,010407794220,4220,MED/SURG DISPOSABLE,M 0779 OR CARDIAC GP3 RM 382,M 0779 OR CARDIAC GP3 RM 382,MSH MAIN PURCHASING,"FERGUSON, TYQUAN",01040779,OR CARDIAC,,1,SYSTEM CREATED,,,NF,MED/SURG DISPOSABLE,MED/SURG DISPOSABLE,NF,NF,2787607,6/22/2023 12:00:00 AM,6/22/2023 12:00:00 AM,EDI,6/22/2023 12:00:00 AM, ,37,3069,1,10,3069
PMMPOS,MOUNT SINAI HOSPITAL,M,M1982612,PURCHASE ORDER,CLOSED,CLOSED,MTRUSA,2,CLOSED,CLOSED,ACTIVE,468,CANNULA VENOUS 18F RT ANG,MEDTRONIC USA INC,67318,,67318,BOX,10,PP-CA-649,PP-CA-649,10/BX 1/EA,010407774220,4220,MED/SURG DISPOSABLE,M 0779 OR CARDIAC GP3 RM 382,M 0779 OR CARDIAC GP3 RM 382,MSH MAIN PURCHASING,"RAMOS, ANTHONY",01040777,OR GENERAL SURGERY,,1,SYSTEM CREATED,,,42295302,MEDICAL EQUIPMENT AND ACCESSORIES AND SUPPLIES,SURGICAL PERFUSION CANNULAS OR CATHETERS,SURGICAL PRODUCTS,OPEN HEART SURGICAL SUPPLIES AND ACCESSORIES AND RELATED PRODUCTS,2792179,7/5/2023 12:00:00 AM,7/5/2023 12:00:00 AM,EDI,7/5/2023 12:00:00 AM, ,38,306.9,1,1,306.9
PMMPOS,MOUNT SINAI HOSPITAL,M,M1984219,PURCHASE ORDER,CLOSED,CLOSED,MTRUSA,1,CLOSED,CLOSED,ACTIVE,23680,SUMP INTRCRD SUCT 15IN 20FR DLP .25IN,MEDTRONIC USA INC,12010,,12010,BOX,20,PP-CA-649,PP-CA-649,1/CS 20/BX 1/EA,010407774220,4220,MED/SURG DISPOSABLE,M 0779 OR CARDIAC GP3 RM 382,M 0779 OR CARDIAC GP3 RM 382,MSH MAIN PURCHASING,"RAMOS, ANTHONY",01040777,OR GENERAL SURGERY,,2,SYSTEM CREATED,,,42294733,MEDICAL EQUIPMENT AND ACCESSORIES AND SUPPLIES,INTRACARDIAC SUCTION DEVICE ACCESSORIES,SURGICAL PRODUCTS,OPEN HEART PERFUSION EQUIPMENT AND MONITORS AND ACCESSORIES AND RELATED PRODUCTS,2793856,7/10/2023 12:00:00 AM,7/10/2023 12:00:00 AM,EDI,7/10/2023 12:00:00 AM, ,39,247.6,2,20,495.2
PMMPOS,MOUNT SINAI HOSPITAL,M,M1984504,PURCHASE ORDER,CLOSED,CLOSED,MTRUSA,1,CLOSED,CLOSED,ACTIVE,23680,SUMP INTRCRD SUCT 15IN 20FR DLP .25IN,MEDTRONIC USA INC,12010,,12010,BOX,20,PP-CA-649,PP-CA-649,1/CS 20/BX 1/EA,010407794220,4220,MED/SURG DISPOSABLE,M 0779 OR CARDIAC GP3 RM 382,M 0779 OR CARDIAC GP3 RM 382,MSH MAIN PURCHASING,"RAMOS, ANTHONY",01040779,OR CARDIAC,,2,SYSTEM CREATED,,,42294733,MEDICAL EQUIPMENT AND ACCESSORIES AND SUPPLIES,INTRACARDIAC SUCTION DEVICE ACCESSORIES,SURGICAL PRODUCTS,OPEN HEART PERFUSION EQUIPMENT AND MONITORS AND ACCESSORIES AND RELATED PRODUCTS,2794071,7/11/2023 12:00:00 AM,7/11/2023 12:00:00 AM,EDI,7/11/2023 12:00:00 AM, ,40,247.6,2,20,495.2
PMMPOS,MOUNT SINAI HOSPITAL,M,M1984504,PURCHASE ORDER,CLOSED,CLOSED,MTRUSA,4,CLOSED,CLOSED,ACTIVE,23759,CANNULA VENOUS 22F RT ANG,MEDTRONIC USA INC,67522,,67522,CASE,10,PP-CA-649,PP-CA-649,10/CS 1/EA,010407794220,4220,MED/SURG DISPOSABLE,M 0779 OR CARDIAC GP3 RM 382,M 0779 OR CARDIAC GP3 RM 382,MSH MAIN PURCHASING,"RAMOS, ANTHONY",01040779,OR CARDIAC,,2,SYSTEM CREATED,,,42295302,MEDICAL EQUIPMENT AND ACCESSORIES AND SUPPLIES,SURGICAL PERFUSION CANNULAS OR CATHETERS,SURGICAL PRODUCTS,OPEN HEART SURGICAL SUPPLIES AND ACCESSORIES AND RELATED PRODUCTS,2794071,7/11/2023 12:00:00 AM,7/11/2023 12:00:00 AM,EDI,7/11/2023 12:00:00 AM, ,41,316.8,2,10,633.6
PMMPOS,MOUNT SINAI HOSPITAL,M,M1984630,PURCHASE ORDER,CLOSED,CLOSED,MTRUSA,3,CLOSED,CLOSED,ACTIVE,468,CANNULA VENOUS 18F RT ANG,MEDTRONIC USA INC,67318,,67318,BOX,10,PP-CA-649,PP-CA-649,10/BX 1/EA,010407794220,4220,MED/SURG DISPOSABLE,M 0779 OR EQUIP CARDIAC ANBG 6-320,M 0779 OR EQUIP CARDIAC ANBG 6-320,MSH MAIN PURCHASING,"RAMOS, ANTHONY",01040779,OR CARDIAC,,1,SYSTEM CREATED,,,42295302,MEDICAL EQUIPMENT AND ACCESSORIES AND SUPPLIES,SURGICAL PERFUSION CANNULAS OR CATHETERS,SURGICAL PRODUCTS,OPEN HEART SURGICAL SUPPLIES AND ACCESSORIES AND RELATED PRODUCTS,2794240,7/11/2023 12:00:00 AM,7/11/2023 12:00:00 AM,EDI,7/11/2023 12:00:00 AM, ,42,306.9,1,1,306.9
PMMPOS,MOUNT SINAI HOSPITAL,M,M1985001,PURCHASE ORDER,CLOSED,CLOSED,MTRUSA,4,CLOSED,CLOSED,ACTIVE,23680,SUMP INTRCRD SUCT 15IN 20FR DLP .25IN,MEDTRONIC USA INC,12010,,12010,BOX,20,PP-CA-649,PP-CA-649,1/CS 20/BX 1/EA,010407794220,4220,MED/SURG DISPOSABLE,M 0779 OR CARDIAC GP3 RM 382,M 0779 OR CARDIAC GP3 RM 382,MSH MAIN PURCHASING,"RAMOS, ANTHONY",01040779,OR CARDIAC,,2,SYSTEM CREATED,,,42294733,MEDICAL EQUIPMENT AND ACCESSORIES AND SUPPLIES,INTRACARDIAC SUCTION DEVICE ACCESSORIES,SURGICAL PRODUCTS,OPEN HEART PERFUSION EQUIPMENT AND MONITORS AND ACCESSORIES AND RELATED PRODUCTS,2794665,7/12/2023 12:00:00 AM,7/12/2023 12:00:00 AM,EDI,7/12/2023 12:00:00 AM, ,43,247.6,2,20,495.2
PMMPOS,MOUNT SINAI HOSPITAL,M,M1986236,PURCHASE ORDER,CLOSED,CLOSED,MTRINC,1,CLOSED,CLOSED,ACTIVE,222702,CANNULA MC2 2 STAGE VENOUS 32/40FR,MEDTRONIC AVE INC,91263C,,91263C,CASE,1,PP-CA-649,PP-CA-649,1/CS 10/PK 1/EA,010407794220,4220,MED/SURG DISPOSABLE,M 0779 OR CARDIAC GP3 RM 382,M 0779 OR CARDIAC GP3 RM 382,MSH MAIN PURCHASING,"RAMOS, ANTHONY",01040779,OR CARDIAC,,2,SYSTEM CREATED,,,NF,MEDICAL EQUIPMENT AND ACCESSORIES AND SUPPLIES,SURGICAL PERFUSION CANNULAS OR CATHETERS,NF,NF,2795835,7/14/2023 12:00:00 AM,7/14/2023 12:00:00 AM,EDI,7/14/2023 12:00:00 AM, ,44,336.6,2,10,673.2
PMMPOS,MOUNT SINAI HOSPITAL,M,M1986240,PURCHASE ORDER,CLOSED,CLOSED,MTRUSA,1,CLOSED,CLOSED,ACTIVE,23680,SUMP INTRCRD SUCT 15IN 20FR DLP .25IN,MEDTRONIC USA INC,12010,,12010,BOX,20,PP-CA-649,PP-CA-649,1/CS 20/BX 1/EA,010407794220,4220,MED/SURG DISPOSABLE,M 0779 OR CARDIAC GP3 RM 382,M 0779 OR CARDIAC GP3 RM 382,MSH MAIN PURCHASING,"RAMOS, ANTHONY",01040779,OR CARDIAC,,2,SYSTEM CREATED,,,42294733,MEDICAL EQUIPMENT AND ACCESSORIES AND SUPPLIES,INTRACARDIAC SUCTION DEVICE ACCESSORIES,SURGICAL PRODUCTS,OPEN HEART PERFUSION EQUIPMENT AND MONITORS AND ACCESSORIES AND RELATED PRODUCTS,2795835,7/14/2023 12:00:00 AM,7/14/2023 12:00:00 AM,EDI,7/14/2023 12:00:00 AM, ,45,247.6,2,20,495.2
PMMPOS,MOUNT SINAI HOSPITAL,M,M1986843,PURCHASE ORDER,CLOSED,CLOSED,MTRINC,2,CLOSED,CLOSED,ACTIVE,222702,CANNULA MC2 2 STAGE VENOUS 32/40FR,MEDTRONIC AVE INC,91263C,,91263C,CASE,1,PP-CA-649,PP-CA-649,1/CS 10/PK 1/EA,010407794220,4220,MED/SURG DISPOSABLE,M 0779 OR CARDIAC GP3 RM 382,M 0779 OR CARDIAC GP3 RM 382,MSH MAIN PURCHASING,"RAMOS, ANTHONY",01040779,OR CARDIAC,,3,SYSTEM CREATED,,,NF,MEDICAL EQUIPMENT AND ACCESSORIES AND SUPPLIES,SURGICAL PERFUSION CANNULAS OR CATHETERS,NF,NF,2796522,7/17/2023 12:00:00 AM,7/17/2023 12:00:00 AM,EDI,7/17/2023 12:00:00 AM, ,46,336.6,3,10,1009.8
PMMPOS,MOUNT SINAI HOSPITAL,M,M1987284,PURCHASE ORDER,CLOSED,CLOSED,MTRINC,1,CLOSED,CLOSED,ACTIVE,222702,CANNULA MC2 2 STAGE VENOUS 32/40FR,MEDTRONIC AVE INC,91263C,,91263C,CASE,1,PP-CA-649,PP-CA-649,1/CS 10/PK 1/EA,010407794220,4220,MED/SURG DISPOSABLE,M 0779 OR CARDIAC GP3 RM 382,M 0779 OR CARDIAC GP3 RM 382,MSH MAIN PURCHASING,"RAMOS, ANTHONY",01040779,OR CARDIAC,,4,SYSTEM CREATED,,,NF,MEDICAL EQUIPMENT AND ACCESSORIES AND SUPPLIES,SURGICAL PERFUSION CANNULAS OR CATHETERS,NF,NF,2796980,7/18/2023 12:00:00 AM,7/18/2023 12:00:00 AM,EDI,7/18/2023 12:00:00 AM, ,47,336.6,4,10,1346.4
PMMPOS,MOUNT SINAI HOSPITAL,M,M1987312,PURCHASE ORDER,CLOSED,CLOSED,MTRUSA,2,CLOSED,CLOSED,ACTIVE,468,CANNULA VENOUS 18F RT ANG,MEDTRONIC USA INC,67318,,67318,BOX,10,PP-CA-649,PP-CA-649,10/BX 1/EA,010407794220,4220,MED/SURG DISPOSABLE,M 0779 OR CARDIAC GP3 RM 382,M 0779 OR CARDIAC GP3 RM 382,MSH MAIN PURCHASING,"RAMOS, ANTHONY",01040779,OR CARDIAC,,1,SYSTEM CREATED,,,42295302,MEDICAL EQUIPMENT AND ACCESSORIES AND SUPPLIES,SURGICAL PERFUSION CANNULAS OR CATHETERS,SURGICAL PRODUCTS,OPEN HEART SURGICAL SUPPLIES AND ACCESSORIES AND RELATED PRODUCTS,2796731,7/18/2023 12:00:00 AM,7/18/2023 12:00:00 AM,EDI,7/18/2023 12:00:00 AM, ,48,306.9,1,1,306.9
PMMPOS,MOUNT SINAI HOSPITAL,M,M1995816,PURCHASE ORDER,CLOSED,CLOSED,MTRUSA,2,CLOSED,CLOSED,ACTIVE,23680,SUMP INTRCRD SUCT 15IN 20FR DLP .25IN,MEDTRONIC USA INC,12010,,12010,BOX,20,PP-CA-649,PP-CA-649,NF,010407794220,4220,MED/SURG DISPOSABLE,M 0779 OR CARDIAC GP3 RM 382,M 0779 OR CARDIAC GP3 RM 382,MSH MAIN PURCHASING,"RAMOS, ANTHONY",01040779,OR CARDIAC,,2,SYSTEM CREATED,,,NF,MEDICAL EQUIPMENT AND ACCESSORIES AND SUPPLIES,INTRACARDIAC SUCTION DEVICE ACCESSORIES,NF,NF,2805798,8/8/2023 12:00:00 AM,8/8/2023 12:00:00 AM,EDI,8/8/2023 12:00:00 AM, ,49,247.6,2,20,495.2
PMMPOS,MOUNT SINAI HOSPITAL,M,M1996060,PURCHASE ORDER,CLOSED,CLOSED,MTRUSA,1,CLOSED,CLOSED,ACTIVE,23680,SUMP INTRCRD SUCT 15IN 20FR DLP .25IN,MEDTRONIC USA INC,12010,,12010,BOX,20,PP-CA-649,PP-CA-649,1/CS 20/BX 1/EA,010407794220,4220,MED/SURG DISPOSABLE,M 0779 OR CARDIAC GP3 RM 382,M 0779 OR CARDIAC GP3 RM 382,MSH MAIN PURCHASING,"RAMOS, ANTHONY",01040779,OR CARDIAC,,2,SYSTEM CREATED,,,42294733,MEDICAL EQUIPMENT AND ACCESSORIES AND SUPPLIES,INTRACARDIAC SUCTION DEVICE ACCESSORIES,SURGICAL PRODUCTS,OPEN HEART PERFUSION EQUIPMENT AND MONITORS AND ACCESSORIES AND RELATED PRODUCTS,2806009,8/9/2023 12:00:00 AM,8/9/2023 12:00:00 AM,EDI,8/9/2023 12:00:00 AM, ,50,247.6,2,20,495.2
PMMPOS,MOUNT SINAI HOSPITAL,M,M2001065,PURCHASE ORDER,CLOSED,OPEN,MTRUSA,1,OPEN,OPEN,ACTIVE,450,CANNULA VENOUS 20F RT ANG,MEDTRONIC USA INC,67320,,67320,CASE,10,PP-CA-649,PP-CA-649,10/CS 1/EA,010407794220,4220,MED/SURG DISPOSABLE,M 0779 OR CARDIAC GP3 RM 382,M 0779 OR CARDIAC GP3 RM 382,MSH MAIN PURCHASING,"ASHLEY, SHANNON",01040779,OR CARDIAC,,0,SYSTEM CREATED,,,42295302,MEDICAL EQUIPMENT AND ACCESSORIES AND SUPPLIES,SURGICAL PERFUSION CANNULAS OR CATHETERS,SURGICAL PRODUCTS,OPEN HEART SURGICAL SUPPLIES AND ACCESSORIES AND RELATED PRODUCTS,2811328,8/22/2023 12:00:00 AM,8/22/2023 12:00:00 AM,EDI,8/22/2023 12:00:00 AM, ,51,306.9,1,1,306.9
PMMPOS,MOUNT SINAI HOSPITAL,M,M2002119,PURCHASE ORDER,CLOSED,OPEN,MTRUSA,1,OPEN,OPEN,ACTIVE,450,CANNULA VENOUS 20F RT ANG,MEDTRONIC USA INC,67320,,67320,CASE,10,PP-CA-649,PP-CA-649,10/CS 1/EA,010407794220,4220,MED/SURG DISPOSABLE,M 0779 OR EQUIP CARDIAC ANBG 6-320,M 0779 OR EQUIP CARDIAC ANBG 6-320,MSH MAIN PURCHASING,"RAMOS, ANTHONY",01040779,OR CARDIAC,,0,SYSTEM CREATED,,,42295302,MEDICAL EQUIPMENT AND ACCESSORIES AND SUPPLIES,SURGICAL PERFUSION CANNULAS OR CATHETERS,SURGICAL PRODUCTS,OPEN HEART SURGICAL SUPPLIES AND ACCESSORIES AND RELATED PRODUCTS,2812371,8/24/2023 12:00:00 AM,8/24/2023 12:00:00 AM,EDI,8/24/2023 12:00:00 AM, ,52,306.9,1,1,306.9
PMMPOS,MOUNT SINAI HOSPITAL,M,M2004823,PURCHASE ORDER,CLOSED,CLOSED,MTRINC,1,CLOSED,CLOSED,ACTIVE,222702,CANNULA MC2 2 STAGE VENOUS 32/40FR,MEDTRONIC AVE INC,91263C,,91263C,CASE,1,PP-CA-649,PP-CA-649,1/CS 10/PK 1/EA,010407794220,4220,MED/SURG DISPOSABLE,M 0779 OR CARDIAC GP3 RM 382,M 0779 OR CARDIAC GP3 RM 382,MSH MAIN PURCHASING,"RAMOS, ANTHONY",01040779,OR CARDIAC,,2,SYSTEM CREATED,,,NF,MEDICAL EQUIPMENT AND ACCESSORIES AND SUPPLIES,SURGICAL PERFUSION CANNULAS OR CATHETERS,NF,NF,2815034,8/31/2023 12:00:00 AM,8/31/2023 12:00:00 AM,EDI,8/31/2023 12:00:00 AM, ,53,336.6,2,10,673.2
PMMPOS,MOUNT SINAI HOSPITAL,M,M2006242,PURCHASE ORDER,CLOSED,CLOSED,MTRINC,1,CLOSED,CLOSED,ACTIVE,222702,CANNULA MC2 2 STAGE VENOUS 32/40FR,MEDTRONIC AVE INC,91263C,,91263C,CASE,1,PP-CA-649,PP-CA-649,1/CS 10/PK 1/EA,010407794220,4220,MED/SURG DISPOSABLE,M 0779 OR CARDIAC GP3 RM 382,M 0779 OR CARDIAC GP3 RM 382,MSH MAIN PURCHASING,"RAMOS, ANTHONY",01040779,OR CARDIAC,,2,SYSTEM CREATED,,,NF,MEDICAL EQUIPMENT AND ACCESSORIES AND SUPPLIES,SURGICAL PERFUSION CANNULAS OR CATHETERS,NF,NF,2816730,9/6/2023 12:00:00 AM,9/6/2023 12:00:00 AM,EDI,9/6/2023 12:00:00 AM, ,54,336.6,2,10,673.2
PMMPOS,MOUNT SINAI HOSPITAL,M,M2009454,PURCHASE ORDER,CLOSED,CLOSED,MTRUSA,1,CLOSED,CLOSED,ACTIVE,450,CANNULA VENOUS 20F RT ANG,MEDTRONIC USA INC,67320,,67320,CASE,10,PP-CA-649,PP-CA-649,10/CS 1/EA,010407794220,4220,MED/SURG DISPOSABLE,M 0779 OR CARDIAC GP3 RM 382,M 0779 OR CARDIAC GP3 RM 382,MSH MAIN PURCHASING,"RAMOS, ANTHONY",01040779,OR CARDIAC,,1,SYSTEM CREATED,,,42295302,MEDICAL EQUIPMENT AND ACCESSORIES AND SUPPLIES,SURGICAL PERFUSION CANNULAS OR CATHETERS,SURGICAL PRODUCTS,OPEN HEART SURGICAL SUPPLIES AND ACCESSORIES AND RELATED PRODUCTS,2820339,9/14/2023 12:00:00 AM,9/14/2023 12:00:00 AM,EDI,9/14/2023 12:00:00 AM, ,55,306.9,1,1,306.9
PMMPOS,MOUNT SINAI HOSPITAL,M,M2011257,PURCHASE ORDER,CLOSED,CLOSED,MTRUSA,1,CLOSED,CLOSED,ACTIVE,450,CANNULA VENOUS 20F RT ANG,MEDTRONIC USA INC,67320,,67320,CASE,10,PP-CA-649,PP-CA-649,10/CS 1/EA,010407794220,4220,MED/SURG DISPOSABLE,M 0779 OR EQUIP CARDIAC ANBG 6-320,M 0779 OR EQUIP CARDIAC ANBG 6-320,MSH MAIN PURCHASING,"RAMOS, ANTHONY",01040779,OR CARDIAC,,1,SYSTEM CREATED,,,42295302,MEDICAL EQUIPMENT AND ACCESSORIES AND SUPPLIES,SURGICAL PERFUSION CANNULAS OR CATHETERS,SURGICAL PRODUCTS,OPEN HEART SURGICAL SUPPLIES AND ACCESSORIES AND RELATED PRODUCTS,2822304,9/19/2023 12:00:00 AM,9/19/2023 12:00:00 AM,EDI,9/19/2023 12:00:00 AM, ,56,306.9,1,1,306.9
PMMPOS,MOUNT SINAI HOSPITAL,M,M2012382,PURCHASE ORDER,CLOSED,CLOSED,MTRUSA,1,CLOSED,CLOSED,ACTIVE,448,CANNULA VENOUS 12F RT ANG,MEDTRONIC USA INC,67312,,67312,CASE,10,PP-CA-649,PP-CA-649,10/CS 1/EA,010407794220,4220,MED/SURG DISPOSABLE,M 0779 OR CARDIAC GP3 RM 382,M 0779 OR CARDIAC GP3 RM 382,MSH MAIN PURCHASING,"RAMOS, ANTHONY",01040779,OR CARDIAC,,1,SYSTEM CREATED,,,NF,MED/SURG DISPOSABLE,MED/SURG DISPOSABLE,NF,NF,2823608,9/21/2023 12:00:00 AM,9/21/2023 12:00:00 AM,EDI,9/21/2023 12:00:00 AM, ,57,3069,1,10,3069
PMMPOS,MOUNT SINAI HOSPITAL,M,M2012382,PURCHASE ORDER,CLOSED,CLOSED,MTRUSA,2,CLOSED,CLOSED,ACTIVE,450,CANNULA VENOUS 20F RT ANG,MEDTRONIC USA INC,67320,,67320,CASE,10,PP-CA-649,PP-CA-649,10/CS 1/EA,010407794220,4220,MED/SURG DISPOSABLE,M 0779 OR CARDIAC GP3 RM 382,M 0779 OR CARDIAC GP3 RM 382,MSH MAIN PURCHASING,"RAMOS, ANTHONY",01040779,OR CARDIAC,,1,SYSTEM CREATED,,,42295302,MEDICAL EQUIPMENT AND ACCESSORIES AND SUPPLIES,SURGICAL PERFUSION CANNULAS OR CATHETERS,SURGICAL PRODUCTS,OPEN HEART SURGICAL SUPPLIES AND ACCESSORIES AND RELATED PRODUCTS,2823608,9/21/2023 12:00:00 AM,9/21/2023 12:00:00 AM,EDI,9/21/2023 12:00:00 AM, ,58,306.9,1,1,306.9
PMMPOS,MOUNT SINAI HOSPITAL,M,M2014561,PURCHASE ORDER,CLOSED,CLOSED,MTRUSA,1,CLOSED,CLOSED,ACTIVE,448,CANNULA VENOUS 12F RT ANG,MEDTRONIC USA INC,67312,,67312,CASE,10,PP-CA-649,PP-CA-649,10/CS 1/EA,010407794220,4220,MED/SURG DISPOSABLE,M 0779 OR EQUIP CARDIAC ANBG 6-320,M 0779 OR EQUIP CARDIAC ANBG 6-320,MSH MAIN PURCHASING,"RAMOS, ANTHONY",01040779,OR CARDIAC,,1,SYSTEM CREATED,,,NF,MED/SURG DISPOSABLE,MED/SURG DISPOSABLE,NF,NF,2825679,9/27/2023 12:00:00 AM,9/28/2023 12:00:00 AM,EDI,9/28/2023 12:00:00 AM, ,59,3069,1,10,3069
PMMPOS,MOUNT SINAI HOSPITAL,M,M2018850,PURCHASE ORDER,CLOSED,CLOSED,MTRUSA,3,CLOSED,CLOSED,ACTIVE,37710,CANNULA ARTERIOTOMY,MEDTRONIC USA INC,31001,,7210707,PACKAGE,20,PP-CA-649,PP-CA-649,1/CS 20/PK 1/EA,010407794220,4220,MED/SURG DISPOSABLE,M 0779 OR CARDIAC GP3 RM 382,M 0779 OR CARDIAC GP3 RM 382,MSH MAIN PURCHASING,"RAMOS, ANTHONY",01040779,OR CARDIAC,,2,SYSTEM CREATED,,,42295302,MEDICAL EQUIPMENT AND ACCESSORIES AND SUPPLIES,SURGICAL PERFUSION CANNULAS OR CATHETERS,SURGICAL PRODUCTS,OPEN HEART SURGICAL SUPPLIES AND ACCESSORIES AND RELATED PRODUCTS,2830390,10/9/2023 12:00:00 AM,10/9/2023 12:00:00 AM,EDI,10/9/2023 12:00:00 AM, ,60,217.8,2,20,435.6
PMMPOS,MOUNT SINAI HOSPITAL,M,M2021971,PURCHASE ORDER,CLOSED,CLOSED,MTRUSA,1,CLOSED,CLOSED,ACTIVE,37710,CANNULA ARTERIOTOMY,MEDTRONIC USA INC,31001,,7210707,PACKAGE,20,PP-CA-649,PP-CA-649,1/CS 20/PK 1/EA,010407794220,4220,MED/SURG DISPOSABLE,M 0779 OR CARDIAC GP3 RM 382,M 0779 OR CARDIAC GP3 RM 382,MSH MAIN PURCHASING,"RAMOS, ANTHONY",01040779,OR CARDIAC,,1,SYSTEM CREATED,,,42295302,MEDICAL EQUIPMENT AND ACCESSORIES AND SUPPLIES,SURGICAL PERFUSION CANNULAS OR CATHETERS,SURGICAL PRODUCTS,OPEN HEART SURGICAL SUPPLIES AND ACCESSORIES AND RELATED PRODUCTS,2833972,10/17/2023 12:00:00 AM,10/17/2023 12:00:00 AM,EDI,10/17/2023 12:00:00 AM, ,61,217.8,1,20,217.8
PMMPOS,MOUNT SINAI HOSPITAL,M,M2022509,PURCHASE ORDER,CLOSED,CLOSED,MTRUSA,1,CLOSED,CLOSED,ACTIVE,37710,CANNULA ARTERIOTOMY,MEDTRONIC USA INC,31001,,7210707,PACKAGE,20,PP-CA-649,PP-CA-649,1/CS 20/PK 1/EA,010407794220,4220,MED/SURG DISPOSABLE,M 0779 OR CARDIAC GP3 RM 382,M 0779 OR CARDIAC GP3 RM 382,MSH MAIN PURCHASING,"RAMOS, ANTHONY",01040779,OR CARDIAC,,1,SYSTEM CREATED,,,42295302,MEDICAL EQUIPMENT AND ACCESSORIES AND SUPPLIES,SURGICAL PERFUSION CANNULAS OR CATHETERS,SURGICAL PRODUCTS,OPEN HEART SURGICAL SUPPLIES AND ACCESSORIES AND RELATED PRODUCTS,2834365,10/18/2023 12:00:00 AM,10/18/2023 12:00:00 AM,EDI,10/18/2023 12:00:00 AM, ,62,217.8,1,20,217.8
PMMPOS,MOUNT SINAI HOSPITAL,M,M2029461,PURCHASE ORDER,CLOSED,CLOSED,MTRUSA,1,CLOSED,CLOSED,ACTIVE,23680,SUMP INTRCRD SUCT 15IN 20FR DLP .25IN,MEDTRONIC USA INC,12010,,12010,BOX,20,PP-CA-649,PP-CA-649,1/CS 20/BX 1/EA,010407794220,4220,MED/SURG DISPOSABLE,M 0779 OR CARDIAC GP3 RM 382,M 0779 OR CARDIAC GP3 RM 382,MSH MAIN PURCHASING,"RAMOS, ANTHONY",01040779,OR CARDIAC,,2,SYSTEM CREATED,,,42294733,MEDICAL EQUIPMENT AND ACCESSORIES AND SUPPLIES,INTRACARDIAC SUCTION DEVICE ACCESSORIES,SURGICAL PRODUCTS,OPEN HEART PERFUSION EQUIPMENT AND MONITORS AND ACCESSORIES AND RELATED PRODUCTS,2842255,11/6/2023 12:00:00 AM,11/6/2023 12:00:00 AM,EDI,11/6/2023 12:00:00 AM, ,63,247.6,2,20,495.2
PMMPOS,MOUNT SINAI HOSPITAL,M,M2034465,PURCHASE ORDER,CLOSED,CLOSED,DLP1,1,CLOSED,CLOSED,ACTIVE,449,CANNULA VENOUS 16F RT ANG,MEDTRONIC DLP,67316,,67316,CASE,10,PP-CA-649,PP-CA-649,10/CS 1/EA,010407794220,4220,MED/SURG DISPOSABLE,M 0779 OR EQUIP CARDIAC ANBG 6-320,M 0779 OR EQUIP CARDIAC ANBG 6-320,MSH MAIN PURCHASING,"RAMOS, ANTHONY",01040779,OR CARDIAC,,1,SYSTEM CREATED,,,NF,MED/SURG DISPOSABLE,MED/SURG DISPOSABLE,NF,NF,2847929,11/17/2023 12:00:00 AM,11/17/2023 12:00:00 AM,EDI,11/17/2023 12:00:00 AM, ,64,3069,1,1,3069
PMMPOS,MOUNT SINAI HOSPITAL,M,M2036904,PURCHASE ORDER,CLOSED,CLOSED,MTRUSA,1,CLOSED,CLOSED,ACTIVE,23680,SUMP INTRCRD SUCT 15IN 20FR DLP .25IN,MEDTRONIC USA INC,12010,,12010,BOX,20,PP-CA-649,PP-CA-649,1/CS 20/BX 1/EA,010407794220,4220,MED/SURG DISPOSABLE,M 0779 OR CARDIAC GP3 RM 382,M 0779 OR CARDIAC GP3 RM 382,MSH MAIN PURCHASING,"RAMOS, ANTHONY",01040779,OR CARDIAC,,1,SYSTEM CREATED,,,42294733,MEDICAL EQUIPMENT AND ACCESSORIES AND SUPPLIES,INTRACARDIAC SUCTION DEVICE ACCESSORIES,SURGICAL PRODUCTS,OPEN HEART PERFUSION EQUIPMENT AND MONITORS AND ACCESSORIES AND RELATED PRODUCTS,2850688,11/27/2023 12:00:00 AM,11/27/2023 12:00:00 AM,EDI,11/27/2023 12:00:00 AM, ,65,247.6,1,20,247.6
PMMPOS,MOUNT SINAI HOSPITAL,M,M2038599,PURCHASE ORDER,CLOSED,CLOSED,DLP1,1,CLOSED,CLOSED,ACTIVE,449,CANNULA VENOUS 16F RT ANG,MEDTRONIC DLP,67316,,67316,CASE,10,PP-CA-649,PP-CA-649,10/CS 1/EA,010407794220,4220,MED/SURG DISPOSABLE,M 0779 OR EQUIP CARDIAC ANBG 6-320,M 0779 OR EQUIP CARDIAC ANBG 6-320,MSH MAIN PURCHASING,"RAMOS, ANTHONY",01040779,OR CARDIAC,,1,SYSTEM CREATED,,,NF,MED/SURG DISPOSABLE,MED/SURG DISPOSABLE,NF,NF,2852565,11/30/2023 12:00:00 AM,11/30/2023 12:00:00 AM,EDI,11/30/2023 12:00:00 AM, ,66,3069,1,1,3069
PMMPOS,MOUNT SINAI HOSPITAL,M,M2039224,PURCHASE ORDER,CLOSED,CLOSED,MTRINC,1,CLOSED,CLOSED,ACTIVE,222702,CANNULA MC2 2 STAGE VENOUS 32/40FR,MEDTRONIC AVE INC,91263C,,91263C,CASE,1,PP-CA-649,PP-CA-649,1/CS 10/PK 1/EA,010407794220,4220,MED/SURG DISPOSABLE,M 0779 OR CARDIAC GP3 RM 382,M 0779 OR CARDIAC GP3 RM 382,MSH MAIN PURCHASING,"RAMOS, ANTHONY",01040779,OR CARDIAC,,1,SYSTEM CREATED,,,NF,MEDICAL EQUIPMENT AND ACCESSORIES AND SUPPLIES,SURGICAL PERFUSION CANNULAS OR CATHETERS,NF,NF,2853065,12/1/2023 12:00:00 AM,12/4/2023 12:00:00 AM,EDI,12/4/2023 12:00:00 AM, ,67,336.6,1,10,336.6
PMMPOS,MOUNT SINAI HOSPITAL,M,M2040556,PURCHASE ORDER,OPEN,OPEN,MTRUSA,1,OPEN,OPEN,ACTIVE,450,CANNULA VENOUS 20F RT ANG,MEDTRONIC USA INC,67320,,67320,CASE,10,PP-CA-649,PP-CA-649,10/CS 1/EA,010407794220,4220,MED/SURG DISPOSABLE,M 0779 OR CARDIAC GP3 RM 382,M 0779 OR CARDIAC GP3 RM 382,MSH MAIN PURCHASING,"RAMOS, ANTHONY",01040779,OR CARDIAC,,0,SYSTEM CREATED,,,42295302,MEDICAL EQUIPMENT AND ACCESSORIES AND SUPPLIES,SURGICAL PERFUSION CANNULAS OR CATHETERS,SURGICAL PRODUCTS,OPEN HEART SURGICAL SUPPLIES AND ACCESSORIES AND RELATED PRODUCTS,2854705,12/6/2023 12:00:00 AM,12/6/2023 12:00:00 AM,EDI,12/6/2023 12:00:00 AM, ,68,306.9,1,1,306.9
PMMPOS,MOUNT SINAI HOSPITAL,M,M2045311,PURCHASE ORDER,CLOSED,CLOSED,MTRUSA,2,CLOSED,CLOSED,ACTIVE,450,CANNULA VENOUS 20F RT ANG,MEDTRONIC USA INC,67320,,67320,CASE,10,PP-CA-649,PP-CA-649,10/CS 1/EA,010407794220,4220,MED/SURG DISPOSABLE,M 0779 OR CARDIAC GP3 RM 382,M 0779 OR CARDIAC GP3 RM 382,MSH MAIN PURCHASING,"RAMOS, ANTHONY",01040779,OR CARDIAC,,1,SYSTEM CREATED,,,42295302,MEDICAL EQUIPMENT AND ACCESSORIES AND SUPPLIES,SURGICAL PERFUSION CANNULAS OR CATHETERS,SURGICAL PRODUCTS,OPEN HEART SURGICAL SUPPLIES AND ACCESSORIES AND RELATED PRODUCTS,2859628,12/18/2023 12:00:00 AM,12/18/2023 12:00:00 AM,EDI,12/18/2023 12:00:00 AM, ,69,306.9,1,1,306.9
PMMPOS,MOUNT SINAI HOSPITAL,M,M2045795,PURCHASE ORDER,CLOSED,CLOSED,MTRINC,1,CLOSED,CLOSED,ACTIVE,222702,CANNULA MC2 2 STAGE VENOUS 32/40FR,MEDTRONIC AVE INC,91263C,,91263C,CASE,1,PP-CA-649,PP-CA-649,1/CS 10/PK 1/EA,010407794220,4220,MED/SURG DISPOSABLE,M 0779 OR CARDIAC GP3 RM 382,M 0779 OR CARDIAC GP3 RM 382,MSH MAIN PURCHASING,"RAMOS, ANTHONY",01040779,OR CARDIAC,,1,SYSTEM CREATED,,,NF,MEDICAL EQUIPMENT AND ACCESSORIES AND SUPPLIES,SURGICAL PERFUSION CANNULAS OR CATHETERS,NF,NF,2859947,12/19/2023 12:00:00 AM,12/19/2023 12:00:00 AM,EDI,12/19/2023 12:00:00 AM, ,70,336.6,1,10,336.6
PMMPOS,MOUNT SINAI HOSPITAL,M,M2047293,PURCHASE ORDER,CLOSED,CLOSED,INSOURCESUPP,1,CLOSED,CLOSED,NONCAT,~[4838310],SUMP INTRCRD SUCT 15IN 20FR DLP .25IN,INSOURCE SUPPLIES LLC,12010,INSOURCE SUPPLIES LLC,12010,PACKAGE,5,,,NF,010407794220,4220,MED/SURG DISPOSABLE,M RECVG MAIN,M 0779 OR CARDIAC GP3 RM 382,"VEGA, WILLIAM","RAMOS, ANTHONY",01040779,OR CARDIAC,,5,BUYER CREATED,,,NF,MED/SURG DISPOSABLE,MED/SURG DISPOSABLE,NF,NF,2861983,12/22/2023 12:00:00 AM,12/22/2023 12:00:00 AM,MANUAL FAX/PHONE,12/22/2023 12:00:00 AM, ,71,810,5,,4050
PMMPOS,MOUNT SINAI HOSPITAL,M,M2047961,PURCHASE ORDER,CLOSED,CLOSED,MTRUSA,1,CLOSED,CLOSED,ACTIVE,468,CANNULA VENOUS 18F RT ANG,MEDTRONIC USA INC,67318,,67318,BOX,1,PP-CA-649,PP-CA-649,10/BX 1/EA,010407794220,4220,MED/SURG DISPOSABLE,M 0779 OR CARDIAC GP3 RM 382,M 0779 OR CARDIAC GP3 RM 382,MSH MAIN PURCHASING,"RAMOS, ANTHONY",01040779,OR CARDIAC,,1,SYSTEM CREATED,,,42295302,MEDICAL EQUIPMENT AND ACCESSORIES AND SUPPLIES,SURGICAL PERFUSION CANNULAS OR CATHETERS,SURGICAL PRODUCTS,OPEN HEART SURGICAL SUPPLIES AND ACCESSORIES AND RELATED PRODUCTS,2862693,12/26/2023 12:00:00 AM,12/26/2023 12:00:00 AM,EDI,12/26/2023 12:00:00 AM, ,72,306.9,1,10,306.9
PMMPOS,MOUNT SINAI HOSPITAL,M,M2050427,PURCHASE ORDER,CLOSED,CLOSED,MTRUSA,1,CLOSED,CLOSED,ACTIVE,23680,SUMP INTRCRD SUCT 15IN 20FR DLP .25IN,MEDTRONIC USA INC,12010,,12010,BOX,20,PP-CA-649,PP-CA-649,1/CS 20/BX 1/EA,010407794220,4220,MED/SURG DISPOSABLE,M 0779 OR CARDIAC GP3 RM 382,M 0779 OR CARDIAC GP3 RM 382,MSH MAIN PURCHASING,"RAMOS, ANTHONY",01040779,OR CARDIAC,,1,SYSTEM CREATED,,,42294733,MEDICAL EQUIPMENT AND ACCESSORIES AND SUPPLIES,INTRACARDIAC SUCTION DEVICE ACCESSORIES,SURGICAL PRODUCTS,OPEN HEART PERFUSION EQUIPMENT AND MONITORS AND ACCESSORIES AND RELATED PRODUCTS,2865682,1/3/2024 12:00:00 AM,1/3/2024 12:00:00 AM,EDI,1/3/2024 12:00:00 AM, ,73,247.6,1,20,247.6
PMMPOS,MOUNT SINAI HOSPITAL,M,M2052028,PURCHASE ORDER,CLOSED,CLOSED,MTRUSA,1,CLOSED,CLOSED,ACTIVE,23680,SUMP INTRCRD SUCT 15IN 20FR DLP .25IN,MEDTRONIC USA INC,12010,,12010,BOX,20,PP-CA-649,PP-CA-649,1/CS 20/BX 1/EA,010407794220,4220,MED/SURG DISPOSABLE,M 0779 OR CARDIAC GP3 RM 382,M 0779 OR CARDIAC GP3 RM 382,MSH MAIN PURCHASING,"RAMOS, ANTHONY",01040779,OR CARDIAC,,1,SYSTEM CREATED,,,42294733,MEDICAL EQUIPMENT AND ACCESSORIES AND SUPPLIES,INTRACARDIAC SUCTION DEVICE ACCESSORIES,SURGICAL PRODUCTS,OPEN HEART PERFUSION EQUIPMENT AND MONITORS AND ACCESSORIES AND RELATED PRODUCTS,2867324,1/8/2024 12:00:00 AM,1/8/2024 12:00:00 AM,EDI,1/8/2024 12:00:00 AM, ,74,247.6,1,20,247.6
PMMPOS,MOUNT SINAI HOSPITAL,M,M2053525,PURCHASE ORDER,CLOSED,CLOSED,MTRUSA,1,CLOSED,CLOSED,ACTIVE,448,CANNULA VENOUS 12F RT ANG,MEDTRONIC USA INC,67312,,67312,CASE,10,PP-CA-649,PP-CA-649,10/CS 1/EA,010407794220,4220,MED/SURG DISPOSABLE,M 0779 OR CARDIAC GP3 RM 382,M 0779 OR CARDIAC GP3 RM 382,MSH MAIN PURCHASING,NSG-OR REQ INTERFACE,01040779,OR CARDIAC,,1,SYSTEM CREATED,,,NF,MED/SURG DISPOSABLE,MED/SURG DISPOSABLE,NF,NF,240111-FETC,1/11/2024 12:00:00 AM,1/11/2024 12:00:00 AM,EDI,1/11/2024 12:00:00 AM, ,75,306.9,1,10,306.9
PMMPOS,MOUNT SINAI HOSPITAL,M,M2054755,PURCHASE ORDER,CLOSED,CLOSED,MTRUSA,1,CLOSED,CLOSED,ACTIVE,23680,SUMP INTRCRD SUCT 15IN 20FR DLP .25IN,MEDTRONIC USA INC,12010,,12010,BOX,20,PP-CA-649,PP-CA-649,1/CS 20/BX 1/EA,010407794220,4220,MED/SURG DISPOSABLE,M 0779 OR CARDIAC GP3 RM 382,M 0779 OR CARDIAC GP3 RM 382,MSH MAIN PURCHASING,"ASHLEY, SHANNON",01040779,OR CARDIAC,,2,SYSTEM CREATED,,,42294733,MEDICAL EQUIPMENT AND ACCESSORIES AND SUPPLIES,INTRACARDIAC SUCTION DEVICE ACCESSORIES,SURGICAL PRODUCTS,OPEN HEART PERFUSION EQUIPMENT AND MONITORS AND ACCESSORIES AND RELATED PRODUCTS,2870145,1/16/2024 12:00:00 AM,1/16/2024 12:00:00 AM,EDI,1/16/2024 12:00:00 AM, ,76,247.6,2,20,495.2
PMMPOS,MOUNT SINAI HOSPITAL,M,M2055907,PURCHASE ORDER,CLOSED,CLOSED,MTRUSA,2,CLOSED,CLOSED,ACTIVE,23680,SUMP INTRCRD SUCT 15IN 20FR DLP .25IN,MEDTRONIC USA INC,12010,,12010,BOX,20,PP-CA-649,PP-CA-649,1/CS 20/BX 1/EA,010407794220,4220,MED/SURG DISPOSABLE,M 0779 OR CARDIAC GP3 RM 382,M 0779 OR CARDIAC GP3 RM 382,MSH MAIN PURCHASING,"ASHLEY, SHANNON",01040779,OR CARDIAC,,2,SYSTEM CREATED,,,42294733,MEDICAL EQUIPMENT AND ACCESSORIES AND SUPPLIES,INTRACARDIAC SUCTION DEVICE ACCESSORIES,SURGICAL PRODUCTS,OPEN HEART PERFUSION EQUIPMENT AND MONITORS AND ACCESSORIES AND RELATED PRODUCTS,2871663,1/18/2024 12:00:00 AM,1/18/2024 12:00:00 AM,EDI,1/18/2024 12:00:00 AM, ,77,247.6,2,20,495.2
PMMPOS,MOUNT SINAI HOSPITAL,M,M2055920,PURCHASE ORDER,CLOSED,CLOSED,MTRUSA,2,CLOSED,CLOSED,ACTIVE,448,CANNULA VENOUS 12F RT ANG,MEDTRONIC USA INC,67312,,67312,CASE,10,PP-CA-649,PP-CA-649,10/CS 1/EA,010407794220,4220,MED/SURG DISPOSABLE,M 0779 OR CARDIAC GP3 RM 382,M 0779 OR CARDIAC GP3 RM 382,"IKRAM, UMAIR","JENKINS, TAQUAN",01040779,OR CARDIAC,,2,BUYER CREATED,,,NF,MED/SURG DISPOSABLE,MED/SURG DISPOSABLE,NF,NF,2871636,1/18/2024 12:00:00 AM,1/18/2024 12:00:00 AM,EDI,1/18/2024 12:00:00 AM, ,78,306.9,2,10,613.8
PMMPOS,MOUNT SINAI HOSPITAL,M,M2055920,PURCHASE ORDER,CLOSED,CLOSED,MTRUSA,3,CLOSED,CLOSED,ACTIVE,23680,SUMP INTRCRD SUCT 15IN 20FR DLP .25IN,MEDTRONIC USA INC,12010,,12010,BOX,20,PP-CA-649,PP-CA-649,1/CS 20/BX 1/EA,010407794220,4220,MED/SURG DISPOSABLE,M 0779 OR CARDIAC GP3 RM 382,M 0779 OR CARDIAC GP3 RM 382,"IKRAM, UMAIR","JENKINS, TAQUAN",01040779,OR CARDIAC,,2,BUYER CREATED,,,42294733,MEDICAL EQUIPMENT AND ACCESSORIES AND SUPPLIES,INTRACARDIAC SUCTION DEVICE ACCESSORIES,SURGICAL PRODUCTS,OPEN HEART PERFUSION EQUIPMENT AND MONITORS AND ACCESSORIES AND RELATED PRODUCTS,2871636,1/18/2024 12:00:00 AM,1/18/2024 12:00:00 AM,EDI,1/18/2024 12:00:00 AM, ,79,247.6,2,20,495.2
PMMPOS,MOUNT SINAI HOSPITAL,M,M2056433,PURCHASE ORDER,OPEN,OPEN,MTRINC,1,OPEN,OPEN,ACTIVE,222702,CANNULA MC2 2 STAGE VENOUS 32/40FR,MEDTRONIC AVE INC,91263C,,91263C,CASE,1,PP-CA-649,PP-CA-649,1/CS 10/PK 1/EA,010407794220,4220,MED/SURG DISPOSABLE,M 0779 OR CARDIAC GP3 RM 382,M 0779 OR CARDIAC GP3 RM 382,MSH MAIN PURCHASING,"ASHLEY, SHANNON",01040779,OR CARDIAC,,0,SYSTEM CREATED,,,NF,MEDICAL EQUIPMENT AND ACCESSORIES AND SUPPLIES,SURGICAL PERFUSION CANNULAS OR CATHETERS,NF,NF,2872182,1/19/2024 12:00:00 AM,1/19/2024 12:00:00 AM,EDI,1/19/2024 12:00:00 AM, ,80,336.6,1,10,336.6
PMMPOS,MOUNT SINAI HOSPITAL,M,M2058918,PURCHASE ORDER,CLOSED,CLOSED,MTRINC,2,CLOSED,CLOSED,ACTIVE,222702,CANNULA MC2 2 STAGE VENOUS 32/40FR,MEDTRONIC AVE INC,91263C,,91263C,CASE,1,PP-CA-649,PP-CA-649,1/CS 10/PK 1/EA,010407794220,4220,MED/SURG DISPOSABLE,M 0779 OR CARDIAC GP3 RM 382,M 0779 OR CARDIAC GP3 RM 382,MSH MAIN PURCHASING,"RAMOS, ANTHONY",01040779,OR CARDIAC,,2,SYSTEM CREATED,,,NF,MEDICAL EQUIPMENT AND ACCESSORIES AND SUPPLIES,SURGICAL PERFUSION CANNULAS OR CATHETERS,NF,NF,2874748,1/25/2024 12:00:00 AM,1/25/2024 12:00:00 AM,EDI,1/25/2024 12:00:00 AM, ,81,336.6,2,10,673.2
PMMPOS,MOUNT SINAI HOSPITAL,M,M2060131,PURCHASE ORDER,CLOSED,CLOSED,MTRUSA,1,CLOSED,CLOSED,ACTIVE,23680,SUMP INTRCRD SUCT 15IN 20FR DLP .25IN,MEDTRONIC USA INC,12010,,12010,BOX,20,PP-CA-649,PP-CA-649,1/CS 20/BX 1/EA,010407794220,4220,MED/SURG DISPOSABLE,M 0779 OR CARDIAC GP3 RM 382,M 0779 OR CARDIAC GP3 RM 382,MSH MAIN PURCHASING,"RAMOS, ANTHONY",01040779,OR CARDIAC,,2,SYSTEM CREATED,,,42294733,MEDICAL EQUIPMENT AND ACCESSORIES AND SUPPLIES,INTRACARDIAC SUCTION DEVICE ACCESSORIES,SURGICAL PRODUCTS,OPEN HEART PERFUSION EQUIPMENT AND MONITORS AND ACCESSORIES AND RELATED PRODUCTS,2876100,1/29/2024 12:00:00 AM,1/29/2024 12:00:00 AM,EDI,1/29/2024 12:00:00 AM, ,82,247.6,2,20,495.2
PMMPOS,MOUNT SINAI HOSPITAL,M,M2061161,PURCHASE ORDER,CLOSED,CLOSED,MTRUSA,1,CLOSED,CLOSED,ACTIVE,448,CANNULA VENOUS 12F RT ANG,MEDTRONIC USA INC,67312,,67312,CASE,10,PP-CA-649,PP-CA-649,10/CS 1/EA,010407794220,4220,MED/SURG DISPOSABLE,M 0779 OR CARDIAC GP3 RM 382,M 0779 OR CARDIAC GP3 RM 382,MSH MAIN PURCHASING,"RAMOS, ANTHONY",01040779,OR CARDIAC,,1,SYSTEM CREATED,,,NF,MED/SURG DISPOSABLE,MED/SURG DISPOSABLE,NF,NF,2877352,1/31/2024 12:00:00 AM,1/31/2024 12:00:00 AM,EDI,1/31/2024 12:00:00 AM, ,83,306.9,1,10,306.9
PMMPOS,MOUNT SINAI HOSPITAL,M,M2061850,PURCHASE ORDER,CLOSED,CLOSED,INSOURCESUPP,1,CLOSED,CLOSED,NONCAT,~[4841192],SUMP INTRCRD SUCT 15IN 20FR DLP .25IN,INSOURCE SUPPLIES LLC,12010,INSOURCE SUPPLIES LLC,12010,PACKAGE,5,,,NF,010407794220,4220,MED/SURG DISPOSABLE,M 0448 OPHTHAL OPS 17 E 102ND ST CAM 8W,M 0779 OR CARDIAC GP3 RM 382,"VEGA, WILLIAM","RAMOS, ANTHONY",01040779,OR CARDIAC,,5,BUYER CREATED,,,NF,MED/SURG DISPOSABLE,MED/SURG DISPOSABLE,NF,NF,2877688,2/1/2024 12:00:00 AM,2/1/2024 12:00:00 AM,MANUAL FAX/PHONE,2/1/2024 12:00:00 AM, ,84,810,5,,4050
PMMPOS,MOUNT SINAI HOSPITAL,M,M2063757,PURCHASE ORDER,CLOSED,CLOSED,MTRUSA,2,CLOSED,CLOSED,ACTIVE,246722,TUBE SUCTION DLP RIGID 20FR FLUTED POOL TIP 6IN,MEDTRONIC USA INC,10061,,10061,PACKAGE,20,PP-CA-649,PP-CA-649,20/PK 1/EA,010407794220,4220,MED/SURG DISPOSABLE,M 0779 OR CARDIAC GP3 RM 382,M 0779 OR CARDIAC GP3 RM 382,MSH MAIN PURCHASING,"RAMOS, ANTHONY",01040779,OR CARDIAC,,1,SYSTEM CREATED,,,42293515,MEDICAL EQUIPMENT AND ACCESSORIES AND SUPPLIES,MEDICAL OR SURGICAL SUCTION TUBINGS,SURGICAL PRODUCTS,SURGICAL SUCTION AND IRRIGATION PRODUCTS,2879777,2/6/2024 12:00:00 AM,2/6/2024 12:00:00 AM,EDI,2/6/2024 12:00:00 AM, ,85,306.07,1,20,306.07
PMMPOS,MOUNT SINAI HOSPITAL,M,M2066611,PURCHASE ORDER,CLOSED,CLOSED,MTRUSA,1,CLOSED,CLOSED,ACTIVE,23680,SUMP INTRCRD SUCT 15IN 20FR DLP .25IN,MEDTRONIC USA INC,12010,,12010,BOX,20,PP-CA-649,PP-CA-649,1/CS 20/BX 1/EA,010407794220,4220,MED/SURG DISPOSABLE,M 0779 OR CARDIAC GP3 RM 382,M 0779 OR CARDIAC GP3 RM 382,MSH MAIN PURCHASING,"RAMOS, ANTHONY",01040779,OR CARDIAC,,3,SYSTEM CREATED,,,42294733,MEDICAL EQUIPMENT AND ACCESSORIES AND SUPPLIES,INTRACARDIAC SUCTION DEVICE ACCESSORIES,SURGICAL PRODUCTS,OPEN HEART PERFUSION EQUIPMENT AND MONITORS AND ACCESSORIES AND RELATED PRODUCTS,2882964,2/13/2024 12:00:00 AM,2/13/2024 12:00:00 AM,EDI,2/13/2024 12:00:00 AM, ,86,263.78,3,20,791.34
PMMPOS,MOUNT SINAI HOSPITAL,M,M2067121,PURCHASE ORDER,CLOSED,CLOSED,MTRUSA,2,CLOSED,CLOSED,ACTIVE,448,CANNULA VENOUS 12F RT ANG,MEDTRONIC USA INC,67312,,67312,CASE,10,PP-CA-649,PP-CA-649,10/CS 1/EA,010407794220,4220,MED/SURG DISPOSABLE,M 0779 OR CARDIAC GP3 RM 382,M 0779 OR CARDIAC GP3 RM 382,MSH MAIN PURCHASING,"RAMOS, ANTHONY",01040779,OR CARDIAC,,1,SYSTEM CREATED,,,NF,MED/SURG DISPOSABLE,MED/SURG DISPOSABLE,NF,NF,2883666,2/14/2024 12:00:00 AM,2/14/2024 12:00:00 AM,EDI,2/14/2024 12:00:00 AM, ,87,395.38,1,10,395.38
PMMPOS,MOUNT SINAI HOSPITAL,M,M2068762,PURCHASE ORDER,CLOSED,CLOSED,MTRUSA,1,CLOSED,CLOSED,ACTIVE,448,CANNULA VENOUS 12F RT ANG,MEDTRONIC USA INC,67312,,67312,CASE,10,PP-CA-649,PP-CA-649,10/CS 1/EA,010407794220,4220,MED/SURG DISPOSABLE,M 0779 OR CARDIAC GP3 RM 382,M 0779 OR CARDIAC GP3 RM 382,MSH MAIN PURCHASING,"RAMOS, ANTHONY",01040779,OR CARDIAC,,4,SYSTEM CREATED,,,NF,MED/SURG DISPOSABLE,MED/SURG DISPOSABLE,NF,NF,2885476,2/20/2024 12:00:00 AM,2/20/2024 12:00:00 AM,EDI,2/20/2024 12:00:00 AM, ,88,395.38,4,10,1581.52
PMMPOS,MOUNT SINAI HOSPITAL,M,M2071710,PURCHASE ORDER,CLOSED,CLOSED,MTRUSA,1,CLOSED,CLOSED,ACTIVE,23680,SUMP INTRCRD SUCT 15IN 20FR DLP .25IN,MEDTRONIC USA INC,12010,,12010,PACKAGE,1,PP-CA-649,PP-CA-649,1/CS 20/BX 1/EA,010407794220,4220,MED/SURG DISPOSABLE,M 0779 OR CARDIAC GP3 RM 382,M 0779 OR CARDIAC GP3 RM 382,MSH MAIN PURCHASING,"RAMOS, ANTHONY",01040779,OR CARDIAC,,2,SYSTEM CREATED,,,NF,MEDICAL EQUIPMENT AND ACCESSORIES AND SUPPLIES,INTRACARDIAC SUCTION DEVICE ACCESSORIES,NF,NF,2888614,2/27/2024 12:00:00 AM,2/27/2024 12:00:00 AM,EDI,2/27/2024 12:00:00 AM, ,89,263.78,2,,527.56
PMMPOS,MOUNT SINAI HOSPITAL,M,M2074697,PURCHASE ORDER,OPEN,OPEN,INSOURCESUPP,1,OPEN,OPEN,NONCAT,~[4843730],SUMP INTRCRD SUCT 15IN 20FR DLP .25IN,INSOURCE SUPPLIES LLC,12010,,12010,EACH,40,PP-CA-649,PP-CA-649,NF,010407794220,4220,MED/SURG DISPOSABLE,M RECVG MAIN,M 0779 OR CARDIAC GP3 RM 382,"VEGA, WILLIAM","RAMOS, ANTHONY",01040779,OR CARDIAC,,0,BUYER CREATED,,,NF,MEDICAL EQUIPMENT AND ACCESSORIES AND SUPPLIES,INTRACARDIAC SUCTION DEVICE ACCESSORIES,NF,NF,2891925,3/5/2024 12:00:00 AM,3/5/2024 12:00:00 AM,EMAIL,3/5/2024 12:00:00 AM, ,90,125,40,,5000
PMMPOS,MOUNT SINAI HOSPITAL,M,M2077613,PURCHASE ORDER,OPEN,OPEN,MTRUSA,1,CLOSED,CLOSED,ACTIVE,23680,SUMP INTRCRD SUCT 15IN 20FR DLP .25IN,MEDTRONIC USA INC,12010,,12010,PACKAGE,1,PP-CA-649,PP-CA-649,1/CS 20/BX 1/EA,010407794220,4220,MED/SURG DISPOSABLE,M 0779 OR CARDIAC GP3 RM 382,M 0779 OR CARDIAC GP3 RM 382,MSH MAIN PURCHASING,"ASHLEY, SHANNON",01040779,OR CARDIAC,,2,SYSTEM CREATED,,,NF,MEDICAL EQUIPMENT AND ACCESSORIES AND SUPPLIES,INTRACARDIAC SUCTION DEVICE ACCESSORIES,NF,NF,2895163,3/12/2024 12:00:00 AM,3/12/2024 12:00:00 AM,EDI,3/12/2024 12:00:00 AM, ,91,263.78,2,,527.56
PMMPOS,MOUNT SINAI HOSPITAL,M,M2078876,PURCHASE ORDER,OPEN,OPEN,MTRINC,1,OPEN,OPEN,ACTIVE,222702,CANNULA MC2 2 STAGE VENOUS 32/40FR,MEDTRONIC AVE INC,91263C,,91263C,CASE,1,PP-CA-649,PP-CA-649,1/CS 10/PK 1/EA,010407794220,4220,MED/SURG DISPOSABLE,M 0779 OR CARDIAC GP3 RM 382,M 0779 OR CARDIAC GP3 RM 382,MSH MAIN PURCHASING,NSG-OR REQ INTERFACE,01040779,OR CARDIAC,,0,SYSTEM CREATED,,,NF,MEDICAL EQUIPMENT AND ACCESSORIES AND SUPPLIES,SURGICAL PERFUSION CANNULAS OR CATHETERS,NF,NF,240314-GZLQ,3/14/2024 12:00:00 AM,3/14/2024 12:00:00 AM,EDI,3/14/2024 12:00:00 AM, ,92,358.71,2,10,717.42
PMMPOS,MOUNT SINAI HOSPITAL,M,M2082427,PURCHASE ORDER,OPEN,OPEN,MTRUSA,1,OPEN,OPEN,ACTIVE,450,CANNULA VENOUS 20F RT ANG,MEDTRONIC USA INC,67320,,67320,PACKAGE,10,PP-CA-649,PP-CA-649,10/CS 1/EA,010407794220,4220,MED/SURG DISPOSABLE,M 0779 OR CARDIAC GP3 RM 382,M 0779 OR CARDIAC GP3 RM 382,MSH MAIN PURCHASING,"RAMOS, ANTHONY",01040779,OR CARDIAC,,0,SYSTEM CREATED,,,NF,MEDICAL EQUIPMENT AND ACCESSORIES AND SUPPLIES,SURGICAL PERFUSION CANNULAS OR CATHETERS,NF,NF,2900427,3/25/2024 12:00:00 AM,3/25/2024 12:00:00 AM,EDI,3/25/2024 12:00:00 AM, ,93,395.38,1,10,395.38
PMMPOS,MOUNT SINAI HOSPITAL,M,M2082451,PURCHASE ORDER,OPEN,OPEN,MTRUSA,1,OPEN,OPEN,ACTIVE,440756,CANNULA PERFUSION 15IN 32-40FR VENOUS ADULT .5IN C,MEDTRONIC USA INC,91263,,91263,BOX,10,PP-CA-649,PP-CA-649,10/BX 1/EA,010407794220,4220,MED/SURG DISPOSABLE,M 0779 OR CARDIAC GP3 RM 382,M 0779 OR CARDIAC GP3 RM 382,"IKRAM, UMAIR","RAMOS, ANTHONY",01040779,OR CARDIAC,,0,BUYER CREATED,,,42295302,MEDICAL EQUIPMENT AND ACCESSORIES AND SUPPLIES,SURGICAL PERFUSION CANNULAS OR CATHETERS,SURGICAL PRODUCTS,OPEN HEART SURGICAL SUPPLIES AND ACCESSORIES AND RELATED PRODUCTS,2900483,3/25/2024 12:00:00 AM,3/25/2024 12:00:00 AM,EDI,3/25/2024 12:00:00 AM, ,94,337.68,4,10,1350.72
PMMPOS,MOUNT SINAI HOSPITAL,M,M2083070,PURCHASE ORDER,OPEN,OPEN,MTRUSA,1,OPEN,OPEN,ACTIVE,23759,CANNULA VENOUS 22F RT ANG,MEDTRONIC USA INC,67522,,67522,CASE,10,PP-CA-649,PP-CA-649,1/CS 1/EA,010407794220,4220,MED/SURG DISPOSABLE,M 0779 OR CARDIAC GP3 RM 382,M 0779 OR CARDIAC GP3 RM 382,MSH MAIN PURCHASING,"RAMOS, ANTHONY",01040779,OR CARDIAC,,0,SYSTEM CREATED,,,42295302,MEDICAL EQUIPMENT AND ACCESSORIES AND SUPPLIES,SURGICAL PERFUSION CANNULAS OR CATHETERS,SURGICAL PRODUCTS,OPEN HEART SURGICAL SUPPLIES AND ACCESSORIES AND RELATED PRODUCTS,2901051,3/26/2024 12:00:00 AM,3/26/2024 12:00:00 AM,EDI,3/26/2024 12:00:00 AM, ,95,359.01,1,10,359.01
SCPOS,ICAHN SCHOOL OF MEDICINE,SMSMB,SM734289P,PURCHASE ORDER,PROCESSED,ORDERED,001050343,6,PROCESSED,ORDERED,NONCAT,NF,KNIFE HANDLE,BLACK AND BLACK SURG,62000,BLACK AND BLACK SURG,62000,EACH,NF,,,NF,0263Y1784233,4233,MED/SURG NON DISPOSA,NF,NYEE-ENT  310 E. 14TH ST.  6TH FL. NY NY 10003,ANGELINE MELENDEZ,ANGELINE MELEND,0263Y178,NYEE OTOLARYNGOLOGY,,,BUYER CREATED,,,NF,MED/SURG NON DISPOSA,MED/SURG NON DISPOSA,NF,NF,RQ732150P,10/20/2023 12:00:00 AM,10/20/2023 12:00:00 AM,NF,10/20/2023 12:00:00 AM, ,96,24,1,1,24
SCPOS,MOUNT SINAI HOSPITAL,MSHB0,HM030903P,PURCHASE ORDER,PROCESSED,ORDERED,001072275,1,PROCESSED,ORDERED,NONCAT,NF,CUSTOMS CLEARANCE FEE,A.S.A.P. LOGISTICS L,10050,A.S.A.P. LOGISTICS L,10050,EACH,NF,,,NF,010401514424,4424,OUTSIDE SERVICES,ICAHN,1425 MADISON 8 852,"MERCEDES, LUCCY",YESENIA ALVIA,01040151,CHEMISTRY - MSH,,,BUYER CREATED,,,NF,OUTSIDE SERVICES,OUTSIDE SERVICES,NF,NF,RQ030860P,8/2/2023 12:00:00 AM,8/2/2023 12:00:00 AM,NF,8/2/2023 12:00:00 AM, ,97,125,1,1,125
SCPOS,MOUNT SINAI HOSPITAL,MSHB0,HM465359P,PURCHASE ORDER,PROCESSED,ORDERED,001072275,1,PROCESSED,ORDERED,NONCAT,NF,CUSTOMS CLEARANCE FEE,A.S.A.P. LOGISTICS L,10050,A.S.A.P. LOGISTICS L,10050,EACH,NF,,,NF,0904H2134434,4434,SHIPPING/COURIER,MORNINGSDE,1111 AMSTERDAM 10TH FL HOME INFUSION 1025,"DOUSE, YVONNE",MARA DANIELLE R,0904H213,HSO PHARMACY - MSH,,,BUYER CREATED,,,NF,SHIPPING/COURIER,SHIPPING/COURIER,NF,NF,RQ464460P,9/20/2023 12:00:00 AM,9/20/2023 12:00:00 AM,NF,9/20/2023 12:00:00 AM, ,98,125,1,1,125
SCPOS,MOUNT SINAI HOSPITAL,MSHB0,HM567675Q,PURCHASE ORDER,PROCESSED,ORDERED,001072275,1,PROCESSED,ORDERED,NONCAT,NF,CUSTOMS CLEARANCE FEE,A.S.A.P. LOGISTICS L,10050,A.S.A.P. LOGISTICS L,10050,EACH,NF,,,NF,0904H2134431,4431,FREIGHT & DELIVERY,MORNINGSDE,1111 AMSTERDAM 10TH FL HOME INFUSION 1025,"MERCEDES, LUCCY",MARA DANIELLE R,0904H213,HSO PHARMACY - MSH,,,BUYER CREATED,,,NF,FREIGHT & DELIVERY,FREIGHT & DELIVERY,NF,NF,RQ530537Q,1/22/2024 12:00:00 AM,1/26/2024 12:00:00 AM,NF,1/26/2024 12:00:00 AM, ,99,125,1,1,125
